Page,出願記事,登録記事,権利者記事,発明等の名称(漢字)記事,請求項の数記事,登録細項目記事,最終納付年分記事,更新日付
page-5167563,特許2010-520263(2008/08/05),5167563,アメリカ合衆国(591025439)ザイリンクス　インコーポレイテッド,処理マージンの向上のための複式露光半導体処理,16,本権利は抹消されていない存続期間満了日(2028/08/05),11年,(2023/01/04)
page-5167624,特許2006-298805(2006/11/02),5167624,アメリカ合衆国イー　インク　コーポレイション,電気泳動表示装置及び電子機器,9,本権利は抹消されていない存続期間満了日(2026/11/02),11年,(2023/01/04)
page-5167643,特許2007-017007(2007/01/26),5167643,アメリカ合衆国イー　インク　コーポレイション,画像表示媒体、画像表示装置、及び画像表示プログラム,16,本権利は抹消されていない存続期間満了日(2027/01/26),11年,(2023/01/04)
page-5167685,特許2007-115391(2007/04/25),5167685,アメリカ合衆国イー　インク　コーポレイション,アクティブマトリクス基板の製造方法、及び電気光学装置の製造方法,4,本権利は抹消されていない存続期間満了日(2027/04/25),11年,(2023/01/04)
page-5168582,特許2008-526561(2006/08/09),5168582,アイルランドイートン　インテリジェント　パワー　リミテッド,強化ホース,22,本権利は抹消されていない存続期間満了日(2026/08/09),11年,(2023/01/04)
page-5169029,特許2007-149240(2007/06/05),5169029,アメリカ合衆国イー　インク　コーポレイション,画像表示媒体、画像表示装置、及び画像表示プログラム,5,本権利は抹消されていない存続期間満了日(2027/06/05),11年,(2023/01/04)
page-5170162,特許2010-129238(2006/11/02),5170162,アメリカ合衆国イー　インク　コーポレイション,電気泳動表示装置及び電子機器,8,本権利は抹消されていない存続期間満了日(2026/11/02),11年,(2023/01/04)
page-5170527,特許2007-298011(2007/11/16),5170527,スイス(505236469)キャタピラー　エス　エー　アール　エル,ドアパネル,2,本権利は抹消されていない存続期間満了日(2027/11/16),11年,(2023/01/04)
page-5170782,特許2009-278608(2009/12/08),5170782,アメリカ合衆国(501261300)エヌヴィディア　コーポレイション,ヘテロジニアス処理ユニットのための集中デバイス仮想化レイヤ,8,本権利は抹消されていない存続期間満了日(2029/12/08),11年,(2023/01/04)
page-5170785,特許2009-525765(2007/08/22),5170785,アメリカ合衆国(500280087)オートデスク，インコーポレイテッド,異なるコンピュータ援用設計アプリケーション間の図面相互運用,26,本権利は抹消されていない存続期間満了日(2027/08/22),11年,(2023/01/04)
page-5171020,特許2006-334452(2006/12/12),5171020,アメリカ合衆国(300019238)ジーイー・メディカル・システムズ・グローバル・テクノロジー・カンパニー・エルエルシー,Ｘ線ＣＴ装置,7,本権利は抹消されていない存続期間満了日(2026/12/12),11年,(2023/01/04)
page-5171021,特許2006-336398(2006/12/13),5171021,アメリカ合衆国(300019238)ジーイー・メディカル・システムズ・グローバル・テクノロジー・カンパニー・エルエルシー,ＲＦパルス用周波数シンセサイザ、ＭＲＩ装置、およびＲＦパルス生成方法,7,本権利は抹消されていない存続期間満了日(2026/12/13),11年,(2023/01/04)
page-5171041,特許2006-550354(2005/01/31),5171041,オランダテナリス・コネクシヨンズ・ベー・ブイ,筒状部材のためのねじ用保護器,9,本権利は抹消されていない存続期間満了日(2025/01/31),11年,(2023/01/04)
page-5171373,特許2008-113952(2008/04/24),5171373,アメリカ合衆国(300019238)ジーイー・メディカル・システムズ・グローバル・テクノロジー・カンパニー・エルエルシー,磁気共鳴イメージング装置及びＲＦパルス印加方法,20,本権利は抹消されていない存続期間満了日(2028/04/24),11年,(2023/01/04)
page-5171474,特許2008-210228(2008/08/19),5171474,アメリカ合衆国(300019238)ジーイー・メディカル・システムズ・グローバル・テクノロジー・カンパニー・エルエルシー,断層画像処理装置およびＸ線ＣＴ装置並びにプログラム,8,本権利は抹消されていない存続期間満了日(2028/08/19),11年,(2023/01/04)
page-5171806,特許2009-501673(2007/03/19),5171806,アメリカ合衆国(599056437)スリーエム　イノベイティブ　プロパティズ　カンパニー,接着シート物品,4,本権利は抹消されていない存続期間満了日(2027/03/19),11年,(2023/01/04)
page-5171939,特許2010-506331(2008/05/02),5171939,アメリカ合衆国(597115727)ローズマウント　インコーポレイテッド,改良されたバッテリアセンブリを有する工業的プロセスフィールドデバイス,14,本権利は抹消されていない存続期間満了日(2028/05/02),11年,(2023/01/04)
page-5171942,特許2010-508786(2008/05/07),5171942,ベルギーブルー・フット・メンブレン・エヌ・ブイ,シームレス膜物質を有する膜袋、その使用及びそれを用いる濾過装置,14,本権利は抹消されていない存続期間満了日(2028/05/07),11年,(2023/01/04)
page-5172013,特許2011-514603(2009/06/17),5172013,アメリカ合衆国(597115727)ローズマウント　インコーポレイテッド,プロセス装置ワイヤレスアダプタのための改善された形状要素及び電磁干渉保護,17,本権利は抹消されていない存続期間満了日(2029/06/17),11年,(2023/01/04)
page-5172088,特許2005-325598(2005/11/10),5172088,アメリカ合衆国(390041542)ゼネラル・エレクトリック・カンパニイ,ＣＴデータ補正の方法及びシステム,10,本権利は抹消されていない存続期間満了日(2025/11/10),11年,(2023/01/04)
page-5172184,特許2007-074460(2007/03/22),5172184,アメリカ合衆国(390041542)ゼネラル・エレクトリック・カンパニイ,磁気共鳴撮像デバイス、粒子ドープした電磁気コイル及び、その形成方法,9,本権利は抹消されていない存続期間満了日(2027/03/22),11年,(2023/01/04)
page-5172360,特許2008-002778(2008/01/10),5172360,アメリカ合衆国(390041542)ゼネラル・エレクトリック・カンパニイ,ゲート電圧制御システムおよび微小電子機械デバイスを静電作動させる方法,10,本権利は抹消されていない存続期間満了日(2028/01/10),11年,(2023/01/04)
page-5172668,特許2008-515886(2006/06/07),5172668,アメリカ合衆国(500324750)バリアン・セミコンダクター・エクイップメント・アソシエイツ・インコーポレイテッド,イオンビーム角度処理制御技術,10,本権利は抹消されていない存続期間満了日(2026/06/07),11年,(2023/01/04)
page-5172735,特許2009-030753(2009/02/13),5172735,フランス国(505277691)スネクマ,超弾性材料によって構成された前縁を有するターボ機械部品,10,本権利は抹消されていない存続期間満了日(2029/02/13),11年,(2023/01/04)
page-5173191,特許2006-535242(2005/09/13),5173191,大阪府大阪市(000002934)武田薬品工業株式会社,酸化化合物の製造方法及び製造装置,7,本権利は抹消されていない存続期間満了日(2025/09/13),11年,(2023/01/04)
page-5173192,特許2006-537858(2005/09/30),5173192,大阪府大阪市(000002934)武田薬品工業株式会社,プロトンポンプ阻害薬,8,本権利は抹消されていない存続期間満了日(2025/09/30),11年,(2023/01/04)
page-5173262,特許2007-141797(2007/05/29),5173262,東京都港区(000107387)日本ゴア合同会社,固体高分子電解質膜の製造方法、固体高分子電解質膜、固体高分子形燃料電池用膜電極組立体および固体高分子形燃料電池,9,本権利は抹消されていない存続期間満了日(2027/05/29),11年,(2023/01/04)
page-5173324,特許2007-227354(2007/09/03),5173324,アメリカ合衆国(594120847)フィッシャー－ローズマウント　システムズ，インコーポレイテッド,モニタリングシステムおよびモニタリング方法,29,本権利は抹消されていない存続期間満了日(2027/09/03),11年,(2023/01/04)
page-5173454,特許2008-013422(2008/01/24),5173454,フランス国(505277691)スネクマ,可変ピッチプロペラを有するターボプロップ,4,本権利は抹消されていない存続期間満了日(2028/01/24),11年,(2023/01/04)
page-5173744,特許2008-279696(2008/10/30),5173744,スイス(505236469)キャタピラー　エス　エー　アール　エル,ハーネスの製造方法及びハーネス,2,本権利は抹消されていない存続期間満了日(2028/10/30),11年,(2023/01/04)
page-5173981,特許2009-242200(2003/05/22),5173981,ドイツ国(501276371)フレセニウス・メディカル・ケア・ドイチュラント・ゲーエムベーハー,医療用の液体を取り扱う装置,35,本権利は抹消されていない存続期間満了日(2023/05/22),11年,(2023/01/04)
page-5174031,特許2009-536865(2007/11/14),5174031,イスラエル(508068940)アトランティウム　テクノロジーズ　エルティディ．,光透過性導管を使用した液体消毒のための方法および装置,16,本権利は抹消されていない存続期間満了日(2027/11/14),11年,(2023/01/04)
page-5174033,特許2009-542728(2006/12/18),5174033,アメリカ合衆国(599056437)スリーエム　イノベイティブ　プロパティズ　カンパニー,受容シート及び受容シート上に画像を形成する方法,9,本権利は抹消されていない存続期間満了日(2026/12/18),11年,(2023/01/04)
page-5174034,特許2009-543111(2007/12/17),5174034,アメリカ合衆国(504097650)エンジニアード・アレスティング・システムズ・コーポレーション,情報、詳しくは着陸航空機のパイロットに利用可能な滑走路状態に関する情報を改善又は増加するシステム及び方法,19,本権利は抹消されていない存続期間満了日(2027/12/17),11年,(2023/01/04)
page-5174139,特許2010-285864(2010/12/22),5174139,フランス国(591131361)メシエ－ブガッティ－ドウティ,航空機の車輪及びブレーキの集合体,4,本権利は抹消されていない存続期間満了日(2030/12/22),11年,(2023/01/04)
page-5174243,特許2011-524258(2009/08/28),5174243,ドイツ連邦共和国(391018178)ダブリュ．エル．ゴア　アンド　アソシエーツ，ゲゼルシャフト　ミット　ベシュレンクテル　ハフツング,バリア層を有する層状構造、このような層状構造を有する衣料品、及びこのような層状構造の製造,2,本権利は抹消されていない存続期間満了日(2029/08/28),11年,(2023/01/04)
page-5444525,特許2007-527740(2005/06/08),5444525,アメリカ合衆国(501416405)ウッドストリーム、コーポレイション,誘引剤ルアーで飛翔昆虫を捕獲するためのシステム,109,本権利は抹消されていない存続期間満了日(2025/06/08),10年,(2022/12/28)
page-5444534,特許2011-531377(2009/10/05),5444534,フランス国(504255249)ヴァルレック　オイル　アンド　ガス　フランス 東京都千代田区(000006655)日本製鉄株式会社,管状ねじ山付き接続部のコンポーネントのねじ山付き要素のための、摩擦係数順応性を示す潤滑剤組成物,18,本権利は抹消されていない存続期間満了日(2029/10/05),10年,(2022/12/28)
page-5444536,特許2010-513345(2008/06/13),5444536,アメリカ合衆国エクセジー・インコーポレイテツド,金融情報の高速処理のための方法および機器,33,本権利は抹消されていない存続期間満了日(2028/06/13),10年,(2022/12/28)
page-5445310,特許2010-103413(2010/04/28),5445310,アメリカ合衆国イー　インク　コーポレイション,電気泳動表示装置、制御回路、電子機器および駆動方法,4,本権利は抹消されていない存続期間満了日(2030/04/28),10年,(2022/12/28)
page-5445764,特許2009-551235(2008/02/07),5445764,フランス国(508356548)シデル　パーティシペイションズ,赤外線放射によるプラスチック加熱の改善,12,本権利は抹消されていない存続期間満了日(2028/02/07),10年,(2022/12/28)
page-5445842,特許2009-515981(2007/06/15),5445842,イタリア国(508070792)サクミ　ヴェローナ　エス．ピー．エー．,ラベルを付けるための装置,7,本権利は抹消されていない存続期間満了日(2027/06/15),10年,(2022/12/28)
page-5447017,特許2010-051890(2010/03/09),5447017,アメリカ合衆国イー　インク　コーポレイション,電気光学装置の駆動方法、及び電気光学装置,5,本権利は抹消されていない存続期間満了日(2030/03/09),10年,(2022/12/28)
page-5447837,特許2009-550273(2008/02/18),5447837,ドイツ連邦共和国(508020155)ビーエーエスエフ　ソシエタス・ヨーロピア,Ｐｉｇｍｅｎｔ　Ｒｏｔ　１４９の製造法,9,本権利は抹消されていない存続期間満了日(2028/02/18),10年,(2022/12/28)
page-5447865,特許2010-513957(2008/06/30),5447865,ドイツ連邦共和国(508020155)ビーエーエスエフ　ソシエタス・ヨーロピア,ペリレン顔料の水系合成,10,本権利は抹消されていない存続期間満了日(2028/06/30),10年,(2022/12/28)
page-5448003,特許2011-526113(2009/08/27),5448003,アメリカ合衆国(591003943)インテル・コーポレーション,コンピューティングシステムおよびその方法,15,本権利は抹消されていない存続期間満了日(2029/08/27),10年,(2022/12/28)
page-5448071,特許2009-519643(2007/07/11),5448071,アメリカ合衆国(509012511)メビウス　セラピューティクス，エルエルシー．,一時的な適用のために薬剤を再構成し再構成した薬剤を調合するための器具及び方法,13,本権利は抹消されていない存続期間満了日(2027/07/11),10年,(2022/12/28)
page-5448100,特許2010-542433(2009/01/14),5448100,アメリカ合衆国(510172930)ヴォルテラ　セミコンダクター　コーポレイション,保護されたチャネルを有するパワートランジスタ,10,本権利は抹消されていない存続期間満了日(2029/01/14),10年,(2022/12/28)
page-5448131,特許2007-112909(2007/04/23),5448131,アメリカ合衆国(591009509)ボーズ・コーポレーション,アクティブノイズ低減マイクロホンの配置,7,本権利は抹消されていない存続期間満了日(2027/04/23),10年,(2022/12/28)
page-5448367,特許2008-119334(2008/04/30),5448367,ドイツ国(504147933)ハーマン　ベッカー　オートモーティブ　システムズ　ゲーエムベーハー,ルート決定方法およびデバイス,16,本権利は抹消されていない存続期間満了日(2028/04/30),10年,(2022/12/28)
page-5448453,特許2008-543912(2006/12/11),5448453,イギリス(397009934)グラクソ　グループ　リミテッド,薬剤ディスペンサ,13,本権利は抹消されていない存続期間満了日(2026/12/11),10年,(2022/12/28)
page-5448463,特許2008-558530(2007/03/08),5448463,アメリカ合衆国(500080214)イー　インク　コーポレイション,電気光学表示素子の生成方法,13,本権利は抹消されていない存続期間満了日(2027/03/08),10年,(2022/12/28)
page-5448583,特許2009-132636(2009/06/02),5448583,アメリカ合衆国(596170170)ゼロックス　コーポレイション,トナー組成物,2,本権利は抹消されていない存続期間満了日(2029/06/02),10年,(2022/12/28)
page-5448660,特許2009-206541(2009/09/08),5448660,アメリカ合衆国(390041542)ゼネラル・エレクトリック・カンパニイ,電気的スイッチング装置,10,本権利は抹消されていない存続期間満了日(2029/09/08),10年,(2022/12/28)
page-5448672,特許2009-217916(2009/09/18),5448672,アメリカ合衆国(507362281)コヴィディエン　リミテッド　パートナーシップ,外科用器具のナイフバー,9,本権利は抹消されていない存続期間満了日(2029/09/18),10年,(2022/12/28)
page-5448837,特許2009-541708(2007/12/20),5448837,アメリカ合衆国シノプシス　インコーポレーテッド,マスクプログラム可能なアンチヒューズ構造,23,本権利は抹消されていない存続期間満了日(2027/12/20),10年,(2022/12/28)
page-5449131,特許2010-501557(2008/03/03),5449131,フランス国(507274799)プジョー　シトロエン　オートモビル　エス　アー,幾何形状構成ユニット,1,本権利は抹消されていない存続期間満了日(2028/03/03),10年,(2022/12/28)
page-5449134,特許2010-504018(2008/04/18),5449134,スウェーデン国(509287968)プレーマクレ・アクチエボラーグ,未熟児合併症の治療及び／又は予防の方法と製品,34,本権利は抹消されていない存続期間満了日(2028/04/18),10年,(2022/12/28)
page-5449173,特許2010-527250(2008/09/30),5449173,アメリカ合衆国(509049551)バレアント　ファーマシューティカルズ　インターナショナル,創傷治癒および瘢痕減少のためのシリコーンゲルに基づく組成物,19,本権利は抹消されていない存続期間満了日(2028/09/30),10年,(2022/12/28)
page-5449207,特許2010-549695(2009/02/06),5449207,アメリカ合衆国(390041542)ゼネラル・エレクトリック・カンパニイ,生理学データの形態フィーチャ解析のシステム,15,本権利は抹消されていない存続期間満了日(2029/02/06),10年,(2022/12/28)
page-5449216,特許2011-011406(2005/02/23),5449216,アメリカ合衆国(501289751)コヴィディエン　リミテッド　パートナーシップ,外科用の切断およびステープル留めの装置,12,本権利は抹消されていない存続期間満了日(2025/02/23),10年,(2022/12/28)
page-5449267,特許2011-158522(2011/07/20),5449267,アメリカ合衆国(500107762)ハミルトン・サンドストランド・コーポレイション,回転機用可変ディフューザおよび回転機,11,本権利は抹消されていない存続期間満了日(2031/07/20),10年,(2022/12/28)
page-5449291,特許2011-223723(2011/10/11),5449291,アメリカ合衆国(500107762)ハミルトン・サンドストランド・コーポレイション,アキュムレータシステムおよびその駆動方法,10,本権利は抹消されていない存続期間満了日(2031/10/11),10年,(2022/12/28)
page-5449339,特許2011-515515(2009/05/14),5449339,フランス国(505277691)スネクマ,ターボ機械用構造フレーム,14,本権利は抹消されていない存続期間満了日(2029/05/14),10年,(2022/12/28)
page-5449347,特許2011-517981(2009/07/16),5449347,フランス国(505277691)スネクマ,ブレード配列部品の製造方法,8,本権利は抹消されていない存続期間満了日(2029/07/16),10年,(2022/12/28)
page-5449395,特許2011-541620(2008/12/19),5449395,アメリカ合衆国(591020353)オーチス　エレベータ　カンパニー,電子機器ハウジングを有するエレベータドアフレーム,31,本権利は抹消されていない存続期間満了日(2028/12/19),10年,(2022/12/28)
page-5449446,特許2012-103113(2004/08/19),5449446,アメリカ合衆国(500080214)イー　インク　コーポレイション,電気光学ディスプレイ,2,本権利は抹消されていない存続期間満了日(2024/08/19),10年,(2022/12/28)
page-5449515,特許2012-265785(2007/01/19),5449515,アメリカ合衆国(500324750)バリアン・セミコンダクター・エクイップメント・アソシエイツ・インコーポレイテッド,リボンビームの均一性向上のための方法,4,本権利は抹消されていない存続期間満了日(2027/01/19),10年,(2022/12/28)
page-5449617,特許2013-502914(2011/04/04),5449617,アメリカ合衆国(500080214)イー　インク　コーポレイション,電気泳動媒体,20,本権利は抹消されていない存続期間満了日(2031/04/04),10年,(2022/12/28)
page-5449671,特許2007-519383(2005/06/27),5449671,アメリカ合衆国(595117091)ベクトン・ディキンソン・アンド・カンパニー,溶解性フィルムおよびそれを含む方法,22,本権利は抹消されていない存続期間満了日(2025/06/27),10年,(2022/12/28)
page-5449725,特許2008-237269(2008/09/17),5449725,アメリカ合衆国(596170170)ゼロックス　コーポレイション,トナー組成物製造プロセス,4,本権利は抹消されていない存続期間満了日(2028/09/17),10年,(2022/12/28)
page-5449739,特許2008-268846(2008/10/17),5449739,東京都港区(000107387)日本ゴア合同会社,通気性複合シートの製造方法,1,本権利は抹消されていない存続期間満了日(2028/10/17),10年,(2022/12/28)
page-5449743,特許2008-277363(2008/10/01),5449743,フランス国(505277691)スネクマ,燃料電池用予熱熱交換器,7,本権利は抹消されていない存続期間満了日(2028/10/01),10年,(2022/12/28)
page-5449745,特許2008-288365(2008/11/11),5449745,アメリカ合衆国(508177046)ジーイー－ヒタチ・ニュークリア・エナジー・アメリカズ・エルエルシー,音響負荷緩和装置,8,本権利は抹消されていない存続期間満了日(2028/11/11),10年,(2022/12/28)
page-5449746,特許2008-291024(2008/11/13),5449746,アメリカ合衆国(508177046)ジーイー－ヒタチ・ニュークリア・エナジー・アメリカズ・エルエルシー,音響負荷緩和装置,4,本権利は抹消されていない存続期間満了日(2028/11/13),10年,(2022/12/28)
page-5449756,特許2008-316853(2008/12/12),5449756,アメリカ合衆国(390041542)ゼネラル・エレクトリック・カンパニイ,導電性機械的ストッパを有するＭＥＭＳスイッチ,9,本権利は抹消されていない存続期間満了日(2028/12/12),10年,(2022/12/28)
page-5449803,特許2009-054016(2009/03/06),5449803,東京都港区(000107387)日本ゴア合同会社,フッ素系弾性チューブ,3,本権利は抹消されていない存続期間満了日(2029/03/06),10年,(2022/12/28)
page-5449896,特許2009-170894(2009/07/22),5449896,アメリカ合衆国(300019238)ジーイー・メディカル・システムズ・グローバル・テクノロジー・カンパニー・エルエルシー,超音波診断装置,14,本権利は抹消されていない存続期間満了日(2029/07/22),10年,(2022/12/28)
page-5450000,特許2009-269695(2009/11/27),5450000,アメリカ合衆国(300019238)ジーイー・メディカル・システムズ・グローバル・テクノロジー・カンパニー・エルエルシー,磁気共鳴イメージング装置,5,本権利は抹消されていない存続期間満了日(2029/11/27),10年,(2022/12/28)
page-5450056,特許2009-509032(2008/03/18),5450056,大阪府大阪市(000002934)武田薬品工業株式会社,アリルアミン不斉水素化法,11,本権利は抹消されていない存続期間満了日(2028/03/18),10年,(2022/12/28)
page-5450064,特許2009-520969(2007/07/18),5450064,アメリカ合衆国(504245871)レイセオン　カンパニー,光ディジタル・アナログ変換器,16,本権利は抹消されていない存続期間満了日(2027/07/18),10年,(2022/12/28)
page-5450129,特許2010-017525(2010/01/29),5450129,アメリカ合衆国(300019238)ジーイー・メディカル・システムズ・グローバル・テクノロジー・カンパニー・エルエルシー,磁気共鳴イメージング装置およびプログラム,16,本権利は抹消されていない存続期間満了日(2030/01/29),10年,(2022/12/28)
page-5450336,特許2010-218845(2010/09/29),5450336,イギリス(504394342)アーム・リミテッド,レジスタ状態の保存および復元,35,本権利は抹消されていない存続期間満了日(2030/09/29),10年,(2022/12/28)
page-5450363,特許2010-273607(2004/11/16),5450363,アメリカ合衆国(505307471)インテグリス・インコーポレーテッド,ウェーハを保持するための容器,4,本権利は抹消されていない存続期間満了日(2024/11/16),10年,(2022/12/28)
page-5450390,特許2010-508421(2008/05/15),5450390,アメリカ合衆国(503455363)レイセオン　カンパニー,可動ピストン及び可動シリンダを備えたクライオクーラ,9,本権利は抹消されていない存続期間満了日(2028/05/15),10年,(2022/12/28)
page-5450431,特許2010-531499(2008/10/24),5450431,イギリス(513111123)エヌビディア・テクノロジー・ユーケー・リミテッド,ワイヤレス通信環境における信号処理,13,本権利は抹消されていない存続期間満了日(2028/10/24),10年,(2022/12/28)
page-5450432,特許2010-532167(2008/10/27),5450432,英国領バーミューダ(500332814)ボストン　サイエンティフィック　リミテッド,成形可能なチップを備えた長尺状医療用デバイス,7,本権利は抹消されていない存続期間満了日(2028/10/27),10年,(2022/12/28)
page-5450459,特許2010-549627(2008/09/09),5450459,アメリカ合衆国(595117091)ベクトン・ディキンソン・アンド・カンパニー,針アセンブリ,38,本権利は抹消されていない存続期間満了日(2028/09/09),10年,(2022/12/28)
page-5450568,特許2011-248925(2004/08/12),5450568,アメリカ合衆国(595117091)ベクトン・ディキンソン・アンド・カンパニー,パッチ様注入装置,15,本権利は抹消されていない存続期間満了日(2024/08/12),10年,(2022/12/28)
page-5450585,特許2011-500265(2009/03/16),5450585,フランス(591034154)オランジュ,オーディオ－ビデオ通信を介したマルチメディアコンテンツ共有,11,本権利は抹消されていない存続期間満了日(2029/03/16),10年,(2022/12/28)
page-5450606,特許2011-512489(2009/04/20),5450606,アメリカ合衆国(503455363)レイセオン　カンパニー,イオン化装置のための方法および装置,20,本権利は抹消されていない存続期間満了日(2029/04/20),10年,(2022/12/28)
page-5450612,特許2011-514184(2009/06/18),5450612,イスラエル国(510332981)ライフボンド　リミテッド,改良された架橋組成物,8,本権利は抹消されていない存続期間満了日(2029/06/18),10年,(2022/12/28)
page-5450615,特許2011-515503(2009/06/25),5450615,フィンランド国(591036309)プランメカ　オイ,歯科治療装置,17,本権利は抹消されていない存続期間満了日(2029/06/25),10年,(2022/12/28)
page-5450648,特許2011-542980(2008/12/30),5450648,スイス国シクパ　ホルディング　ソシエテ　アノニム,特にミシン／刺繍機のためのインクジェット印刷ヘッド、前記インクジェット印刷ヘッドを作製する方法、および糸を着色する方法,16,本権利は抹消されていない存続期間満了日(2028/12/30),10年,(2022/12/28)
page-5450651,特許2011-543583(2009/12/17),5450651,アメリカ合衆国(391008847)ボシュ・アンド・ロム・インコーポレイテッド,眼科光ファイバ照明システムにおける、回転可能なプレートアレイを使用したビーム強度制御,17,本権利は抹消されていない存続期間満了日(2029/12/17),10年,(2022/12/28)
page-5450686,特許2012-028164(2012/02/13),5450686,アメリカ合衆国(508177046)ジーイー－ヒタチ・ニュークリア・エナジー・アメリカズ・エルエルシー,電気化学的腐食電位プローブアセンブリ,17,本権利は抹消されていない存続期間満了日(2032/02/13),10年,(2022/12/28)
page-5450838,特許2012-552224(2010/02/12),5450838,フランス国ジエマルト・エス・アー,マシン・タイプ通信のためのネットワーク・アクセスの方法およびシステム,14,本権利は抹消されていない存続期間満了日(2030/02/12),10年,(2022/12/28)
page-5450844,特許2013-002336(2013/01/10),5450844,スイス国(504341564)モントレー　ブレゲ・エス　アー,表示システム用の迅速補正デバイス,15,本権利は抹消されていない存続期間満了日(2033/01/10),10年,(2022/12/28)
page-5450887,特許2013-504353(2011/03/25),5450887,イギリス国(512264725)アッコ・ユーケイ・リミテッド,ステープル及びクリップ除去器を備える紙細断機,20,本権利は抹消されていない存続期間満了日(2031/03/25),10年,(2022/12/28)
page-5450888,特許2013-504354(2011/03/25),5450888,イギリス国(512264725)アッコ・ユーケイ・リミテッド,送給器を備える紙細断機,21,本権利は抹消されていない存続期間満了日(2031/03/25),10年,(2022/12/28)
page-5450947,特許2007-260599(2007/10/04),5450947,アメリカ合衆国(596170170)ゼロックス　コーポレイション,置換安定剤を有する銀含有ナノ粒子、電子装置の製造方法及び薄膜トランジスタ,1,本権利は抹消されていない存続期間満了日(2027/10/04),10年,(2022/12/28)
page-5450962,特許2008-022903(2008/02/01),5450962,東京都港区(000107387)日本ゴア合同会社,膜電極組立体の製造方法,6,本権利は抹消されていない存続期間満了日(2028/02/01),10年,(2022/12/28)
page-5450976,特許2008-102119(2008/04/10),5450976,フランス国(505277691)スネクマ,ターボ機械ブレードのためのセラミック鋳造コアを製作するための装置,5,本権利は抹消されていない存続期間満了日(2028/04/10),10年,(2022/12/28)
page-5451003,特許2008-210265(2008/08/19),5451003,アメリカ合衆国(390041542)ゼネラル・エレクトリック・カンパニイ,タービンにおいて偏心度を低下させ真円度を高める装置及び方法,10,本権利は抹消されていない存続期間満了日(2028/08/19),10年,(2022/12/28)
page-5451018,特許2008-244684(2008/09/24),5451018,アメリカ合衆国(390040660)アプライド　マテリアルズ　インコーポレイテッド,選択的酸化プロセスの酸化物成長速度の改良方法,3,本権利は抹消されていない存続期間満了日(2028/09/24),10年,(2022/12/28)
page-5451102,特許2009-032266(2009/02/16),5451102,フランス国(505277691)スネクマ,ターボ機械用のディフューザノズルのアセンブリ,15,本権利は抹消されていない存続期間満了日(2029/02/16),10年,(2022/12/28)
page-5451377,特許2009-506530(2007/04/13),5451377,アメリカ合衆国ダブリュ．エル．ゴア　アンド　アソシエイツ，インコーポレイティド,広い展開直径の範囲で皺のない拡張可能なカバー付きステント,29,本権利は抹消されていない存続期間満了日(2027/04/13),10年,(2022/12/28)
page-5451395,特許2009-531612(2007/10/04),5451395,アメリカ合衆国(595117091)ベクトン・ディキンソン・アンド・カンパニー,医療デバイス,15,本権利は抹消されていない存続期間満了日(2027/10/04),10年,(2022/12/28)
page-5451463,特許2010-050049(2010/03/08),5451463,アメリカ合衆国(390041542)ゼネラル・エレクトリック・カンパニイ,タービン翼形部及びその先端構造体を製造する方法,14,本権利は抹消されていない存続期間満了日(2030/03/08),10年,(2022/12/28)
page-5451592,特許2010-501110(2008/03/20),5451592,アメリカ合衆国(595117091)ベクトン・ディキンソン・アンド・カンパニー,表面増強ラマン分光法（ＳＥＲＳ）活性粒子を使用するアッセイ,17,本権利は抹消されていない存続期間満了日(2028/03/20),10年,(2022/12/28)
page-5451603,特許2010-511709(2008/06/13),5451603,フランス(591034154)オランジュ,デジタルオーディオ信号の符号化,12,本権利は抹消されていない存続期間満了日(2028/06/13),10年,(2022/12/28)
page-5451617,特許2010-523286(2008/05/16),5451617,ドイツ国(501276371)フレセニウス・メディカル・ケア・ドイチュラント・ゲーエムベーハー,医療流体を処理するための器具および方法,18,本権利は抹消されていない存続期間満了日(2028/05/16),10年,(2022/12/28)
page-5451638,特許2010-543180(2009/01/13),5451638,アメリカ合衆国(595117091)ベクトン・ディキンソン・アンド・カンパニー,ペン針組立品を備える医療用注射器,11,本権利は抹消されていない存続期間満了日(2029/01/13),10年,(2022/12/28)
page-5451641,特許2010-545485(2009/02/06),5451641,デンマーク国(596113096)ノボ・ノルデイスク・エー／エス,モード規定要素を備えた注射装置,13,本権利は抹消されていない存続期間満了日(2029/02/06),10年,(2022/12/28)
page-5451740,特許2011-502475(2009/03/30),5451740,オランダ国(507219491)エヌエックスピー　ビー　ヴィ ベルギー(505218122)アイメック,多重ビット相変化メモリセル,10,本権利は抹消されていない存続期間満了日(2029/03/30),10年,(2022/12/28)
page-5451760,特許2011-518813(2009/07/13),5451760,アメリカ合衆国(500100822)ティコナ・エルエルシー,難燃性ポリマー組成物,22,本権利は抹消されていない存続期間満了日(2029/07/13),10年,(2022/12/28)
page-5451784,特許2012-003967(2008/03/25),5451784,アメリカ合衆国(596170170)ゼロックス　コーポレイション,エッジエミッティングレーザのモノリシックアレイ,4,本権利は抹消されていない存続期間満了日(2028/03/25),10年,(2022/12/28)
page-5451785,特許2012-014358(2004/09/10),5451785,アメリカ合衆国(503093224)イーエムシー　コーポレイション,無連絡認証を提供するシステムおよび方法,3,本権利は抹消されていない存続期間満了日(2024/09/10),10年,(2022/12/28)
page-5451788,特許2012-021566(2012/02/03),5451788,スイス国(599040492)ニヴァロックス－ファー　ソシエテ　アノニム,複雑な穴開き微細機械部品,10,本権利は抹消されていない存続期間満了日(2032/02/03),10年,(2022/12/28)
page-5451801,特許2012-058087(2005/11/09),5451801,東京都大田区(000001007)キヤノン株式会社 東京都目黒区(304021417)国立大学法人東京工業大学,電界効果型トランジスタの製造方法,1,本権利は抹消されていない存続期間満了日(2025/11/09),10年,(2023/01/05)
page-5451882,特許2012-520869(2010/06/25),5451882,アメリカ合衆国スリーエム　イノベイティブ　プロパティズ　カンパニー,フィルムを切断するためのテープを使用してフィルムで物体を包む方法,17,本権利は抹消されていない存続期間満了日(2030/06/25),10年,(2022/12/28)
page-5451884,特許2012-523110(2010/07/30),5451884,大阪府大阪市武田薬品工業株式会社,ＡＤＡＭＴＳタンパク質発現のための細胞培養培地,40,本権利は抹消されていない存続期間満了日(2030/07/30),10年,(2022/12/28)
page-5451980,特許2008-111054(2008/04/22),5451980,フランス国(505277691)スネクマ,自動較正を備えた非破壊検査用の渦電流を用いた方法および装置,5,本権利は抹消されていない存続期間満了日(2028/04/22),10年,(2022/12/28)
page-5451983,特許2008-116868(2008/04/28),5451983,フランス国(505277691)スネクマ,ＳｉＣで被覆された基材上に堆積物を作製する方法,5,本権利は抹消されていない存続期間満了日(2028/04/28),10年,(2022/12/28)
page-5451984,特許2008-116869(2008/04/28),5451984,フランス国(505277691)スネクマ,ＳｉＣで被覆された基材上にアルミナを堆積させる方法,5,本権利は抹消されていない存続期間満了日(2028/04/28),10年,(2022/12/28)
page-5452225,特許2009-529300(2007/09/07),5452225,アメリカ合衆国(500080214)イー　インク　コーポレイション アメリカ合衆国(591035368)エア　プロダクツ　アンド　ケミカルズ　インコーポレイテッド,電気－光学ディスプレイおよびその中での使用のための材料,12,本権利は抹消されていない存続期間満了日(2027/09/07),10年,(2022/12/28)
page-5452468,特許2010-503208(2008/04/10),5452468,アメリカ合衆国(591018693)シー・アール・バード・インコーポレーテッド,低電力超音波システム,16,本権利は抹消されていない存続期間満了日(2028/04/10),10年,(2022/12/28)
page-5452470,特許2010-504259(2008/04/18),5452470,アメリカ合衆国(591055436)フィッシャー　コントロールズ　インターナショナル　リミテッド　ライアビリティー　カンパニー,緊急遮断安全装置,18,本権利は抹消されていない存続期間満了日(2028/04/18),10年,(2022/12/28)
page-5452500,特許2010-535117(2008/11/25),5452500,アメリカ合衆国(591018693)シー・アール・バード・インコーポレーテッド,カテーテルの血管内留置のための統合システム,31,本権利は抹消されていない存続期間満了日(2028/11/25),10年,(2022/12/28)
page-5452508,特許2010-548778(2009/02/02),5452508,アメリカ合衆国(505005049)スリーエム　イノベイティブ　プロパティズ　カンパニー,低カルボニル末端基率を有するペルフルオロエラストマー,3,本権利は抹消されていない存続期間満了日(2029/02/02),10年,(2022/12/28)
page-5452585,特許2011-504944(2009/03/12),5452585,オランダ(509174255)マレル・シュトルク・ポウルトリー・プロセシング・ベー・フェー,解体された動物の各解体動物部分を加工する直列バッチ形成設備,34,本権利は抹消されていない存続期間満了日(2029/03/12),10年,(2022/12/28)
page-5452647,特許2012-064753(2008/07/30),5452647,アメリカ合衆国(592225504)マイクロ・モーション・インコーポレーテッド,データ変換のシステムおよび方法,10,本権利は抹消されていない存続期間満了日(2028/07/30),10年,(2022/12/28)
page-5452734,特許2012-554376(2011/10/13),5452734,ドイツ連邦共和国(398071439)フェデラル－モーグル　ブルシャイト　ゲゼルシャフト　ミット　ベシュレンクテル　ハフツング,コーティングを有するスライド要素、特に、ピストンリング、およびスライド要素を製造するプロセス,20,本権利は抹消されていない存続期間満了日(2031/10/13),10年,(2022/12/28)
page-5452811,特許2011-187930(2007/11/14),5452811,アメリカ合衆国(500287639)ミレニアム　ファーマシューティカルズ，　インコーポレイテッド,有糸分裂進行を阻害するための化合物,2,本権利は抹消されていない存続期間満了日(2027/11/14),10年,(2022/12/28)
page-5452823,特許2008-286373(2008/11/07),5452823,アメリカ合衆国(502096543)パロ・アルト・リサーチ・センター・インコーポレーテッド,プライバシーポリシーを強化するためにコンピュータが実行する方法,3,本権利は抹消されていない存続期間満了日(2028/11/07),10年,(2022/12/28)
page-5452841,特許2006-344609(2006/12/21),5452841,アメリカ合衆国(300019238)ジーイー・メディカル・システムズ・グローバル・テクノロジー・カンパニー・エルエルシー,Ｘ線ＣＴ装置,2,本権利は抹消されていない存続期間満了日(2026/12/21),10年,(2022/12/28)
page-5452867,特許2007-535748(2005/10/04),5452867,アメリカ合衆国(511208896)ハリバートン　エナジー　サヴィシーズ　インコーポレイテッド,熱選択性多変量光学的コンピューティング,15,本権利は抹消されていない存続期間満了日(2025/10/04),10年,(2022/12/28)
page-5452896,特許2008-206357(2008/07/11),5452896,フランス国(505277691)スネクマ,燃料電池の温度を調節するためのシステム及び方法,12,本権利は抹消されていない存続期間満了日(2028/07/11),10年,(2022/12/28)
page-5452936,特許2008-551652(2006/09/01),5452936,オランダ(502112267)ドルビー・インターナショナル・アクチボラゲット,複素変調フィルタバンクを用いた効率的なフィルタリング,30,本権利は抹消されていない存続期間満了日(2026/09/01),10年,(2022/12/28)
page-5453065,特許2009-268139(2009/11/25),5453065,イタリア国(591002692)エスティーマイクロエレクトロニクス　エス．アール．エル．,改善された電気的特性を有する、回転駆動運動を用いる微小電気機械ジャイロスコープ,14,本権利は抹消されていない存続期間満了日(2029/11/25),10年,(2022/12/28)
page-5453096,特許2009-535748(2007/11/09),5453096,イギリス国(590004718)ジョンソン、マッセイ、パブリック、リミテッド、カンパニー,（－）－Δ９－トランス－テトラヒドロカンナビノールを含んでなる組成物,31,本権利は抹消されていない存続期間満了日(2027/11/09),10年,(2022/12/28)
page-5453163,特許2010-109258(2010/05/11),5453163,スイス国(503416353)ゼネラル　エレクトリック　テクノロジー　ゲゼルシャフト　ミット　ベシュレンクテル　ハフツング,振動減衰システムを備えた翼,5,本権利は抹消されていない存続期間満了日(2030/05/11),10年,(2022/12/28)
page-5453222,特許2010-258796(2006/09/01),5453222,オランダ(502112267)ドルビー・インターナショナル・アクチボラゲット,複素変調フィルタバンクを用いた効率的なフィルタリング,16,本権利は抹消されていない存続期間満了日(2026/09/01),10年,(2022/12/28)
page-5453234,特許2010-289049(2006/06/05),5453234,アメリカ合衆国(599006351)アドバンスド　テクノロジー　マテリアルズ，インコーポレイテッド 東京都港区(000219967)東京エレクトロン株式会社,流体保存および分配システムおよびプロセス,26,本権利は抹消されていない存続期間満了日(2026/06/05),10年,(2022/12/28)
page-5453267,特許2010-523592(2008/09/11),5453267,オランダ国(506397202)サン　ケミカル　ビー．ブイ．,ポリマーエマルションに基づいたガスバリアコーティング,14,本権利は抹消されていない存続期間満了日(2028/09/11),10年,(2022/12/28)
page-5453290,特許2010-533285(2008/11/07),5453290,大阪府大阪市(000002934)武田薬品工業株式会社,ＭＡＰＫ／ＥＲＫキナーゼ阻害剤,15,本権利は抹消されていない存続期間満了日(2028/11/07),10年,(2022/12/28)
page-5453315,特許2010-543307(2009/01/21),5453315,アメリカ合衆国(391010770)サンーゴバン　アブレイシブズ，インコーポレイティド フランス国(507169495)サン－ゴバン　アブラジフ,オフセットガレットを備えた丸鋸ブレード,12,本権利は抹消されていない存続期間満了日(2029/01/21),10年,(2023/01/04)
page-5453319,特許2010-545593(2009/02/05),5453319,フランス(506426269)サン－ゴベン・セントル・ドゥ・レシェルシェ・エ・デチュード・ユーロペアン,窒化ケイ素バインダー含有炭化ケイ素系焼結耐火材料,23,本権利は抹消されていない存続期間満了日(2029/02/05),10年,(2023/01/04)
page-5453364,特許2011-204174(2011/09/20),5453364,スイス(505072926)イーティーエー　エスエー　マニュファクチュア　ホルロゲア　スイス,大きな開口を有する時計の表示装置,7,本権利は抹消されていない存続期間満了日(2031/09/20),10年,(2023/01/04)
page-5453395,特許2011-507522(2009/04/07),5453395,アメリカ合衆国(390041542)ゼネラル・エレクトリック・カンパニイ,モジュラーセンサ組立体,9,本権利は抹消されていない存続期間満了日(2029/04/07),10年,(2023/01/04)
page-5453451,特許2011-540986(2009/12/18),5453451,アメリカ合衆国(593150863)サン－ゴバン　セラミックス　アンド　プラスティクス，インコーポレイティド,酸化スズベースの電極組成物,14,本権利は抹消されていない存続期間満了日(2029/12/18),10年,(2023/01/04)
page-5453453,特許2011-544403(2008/12/30),5453453,アメリカ合衆国(591018693)シー・アール・バード・インコーポレーテッド,組織マーカの配置のためのマーカ伝送装置,34,本権利は抹消されていない存続期間満了日(2028/12/30),10年,(2023/01/04)
page-5453508,特許2012-254113(2012/11/20),5453508,アメリカ合衆国(593219551)リニアー　テクノロジー　コーポレイション,効率的軽負荷動作を有する分離フライバックコンバータ,19,本権利は抹消されていない存続期間満了日(2032/11/20),10年,(2023/01/04)
page-5453526,特許2012-514041(2010/06/01),5453526,アメリカ合衆国(391010770)サンーゴバン　アブレイシブズ，インコーポレイティド フランス国(507169495)サン－ゴバン　アブラジフ,耐腐食性ＣＭＰコンディショニング工具並びにその作製および使用法,14,本権利は抹消されていない存続期間満了日(2030/06/01),10年,(2023/01/04)
page-5453540,特許2012-533562(2010/09/29),5453540,スイス国(504341564)モントレー　ブレゲ・エス　アー,日付システムを有する時計,8,本権利は抹消されていない存続期間満了日(2030/09/29),10年,(2023/01/04)
page-5453586,特許2010-531019(2008/10/21),5453586,アメリカ合衆国ボストン　サイエンティフィック　サイムド，インコーポレイテッド,慢性的な完全閉塞部を横断するためのデバイスおよび方法,15,本権利は抹消されていない存続期間満了日(2028/10/21),10年,(2023/01/04)
page-5454314,特許2010-087575(2010/04/06),5454314,アメリカ合衆国イー　インク　コーポレイション,表示装置、および電子機器,11,本権利は抹消されていない存続期間満了日(2030/04/06),10年,(2023/01/04)
page-5454406,特許2010-164270(2010/07/21),5454406,アメリカ合衆国イー　インク　コーポレイション,表示媒体及び表示装置,5,本権利は抹消されていない存続期間満了日(2030/07/21),10年,(2023/01/04)
page-5454882,特許2009-199424(2009/08/31),5454882,アメリカ合衆国(300019238)ジーイー・メディカル・システムズ・グローバル・テクノロジー・カンパニー・エルエルシー,血流動態解析装置、磁気共鳴イメージング装置、およびプログラム,12,本権利は抹消されていない存続期間満了日(2029/08/31),10年,(2023/01/04)
page-5454897,特許2009-550941(2008/02/26),5454897,アメリカ合衆国(508020052)ケアフュージョン　３０３、インコーポレイテッド,自動中継ポンプ・システム,11,本権利は抹消されていない存続期間満了日(2028/02/26),10年,(2023/01/04)
page-5455210,特許2009-248351(2009/10/29),5455210,アメリカ合衆国(300019238)ジーイー・メディカル・システムズ・グローバル・テクノロジー・カンパニー・エルエルシー,Ｘ線ＣＴ装置およびＸ線ＣＴ画像再構成方法,7,本権利は抹消されていない存続期間満了日(2029/10/29),10年,(2023/01/04)
page-5455282,特許2005-342585(2005/11/28),5455282,アメリカ合衆国(390040660)アプライド　マテリアルズ　インコーポレイテッド,シリコン・オン・インシュレータ搬送ウエハのエッジ除去,4,本権利は抹消されていない存続期間満了日(2025/11/28),10年,(2023/01/04)
page-5455359,特許2008-315288(2008/12/11),5455359,フランス国(505277691)スネクマ,ターボ機械における内部筐体の加圧のための取り付けチューブ,9,本権利は抹消されていない存続期間満了日(2028/12/11),10年,(2023/01/04)
page-5455407,特許2009-074617(2009/03/25),5455407,東京都港区(000107387)日本ゴア合同会社,触媒粒子を担持した延伸ポリテトラフルオロエチレン多孔質膜またはテープの製造方法およびオゾン除去用フィルタ,1,本権利は抹消されていない存続期間満了日(2029/03/25),10年,(2023/01/04)
page-5455622,特許2009-510056(2007/05/02),5455622,アメリカ合衆国(390040660)アプライド　マテリアルズ　インコーポレイテッド,電界効果トランジスタのゲート誘電体の製造方法,8,本権利は抹消されていない存続期間満了日(2027/05/02),10年,(2023/01/04)
page-5455644,特許2009-544004(2007/11/29),5455644,アメリカ合衆国(597115727)ローズマウント　インコーポレイテッド,フィールド装置の端子ブロック内の流体を検出する方法、装置及びシステム,17,本権利は抹消されていない存続期間満了日(2027/11/29),10年,(2023/01/04)
page-5455651,特許2009-549162(2008/01/24),5455651,アメリカ合衆国(503455363)レイセオン　カンパニー,回路素子用の保護膜及び該保護膜の作製方法,38,本権利は抹消されていない存続期間満了日(2028/01/24),10年,(2023/01/04)
page-5455654,特許2009-552788(2008/02/14),5455654,アメリカ合衆国(391026058)ザ　コカ・コーラ　カンパニー,エアシステムによりパイプ内の内容物を除去する方法,7,本権利は抹消されていない存続期間満了日(2028/02/14),10年,(2023/01/04)
page-5455655,特許2009-553080(2008/03/14),5455655,アメリカ合衆国(397058666)カーギル　インコーポレイテッド,改良されたチョコレート組成物,24,本権利は抹消されていない存続期間満了日(2028/03/14),10年,(2023/01/04)
page-5455910,特許2010-522434(2008/08/28),5455910,英国(505403278)エアクラフト　メディカル　リミテッド,喉頭鏡挿入部および喉頭鏡,15,本権利は抹消されていない存続期間満了日(2028/08/28),10年,(2023/01/04)
page-5455914,特許2010-527520(2008/10/01),5455914,フランス国ベリマトリックス,耐タンパ技術,23,本権利は抹消されていない存続期間満了日(2028/10/01),10年,(2023/01/04)
page-5456050,特許2011-532145(2009/10/02),5456050,アメリカ合衆国(507236292)ドルビー　ラボラトリーズ　ライセンシング　コーポレイション,イメージを生成する方法、並びにそれを用いた装置及びコントローラ,14,本権利は抹消されていない存続期間満了日(2029/10/02),10年,(2023/01/04)
page-5456104,特許2012-157152(2012/07/13),5456104,スイス国(591048416)ウーテーアー・エス・アー・マニファクチュール・オロロジェール・スイス,ホイールセットを装備するモジュールを備える時計ムーブメント,10,本権利は抹消されていない存続期間満了日(2032/07/13),10年,(2023/01/04)
page-5456105,特許2012-161218(2012/07/20),5456105,スイス国(506425538)ザ・スウォッチ・グループ・リサーチ・アンド・ディベロップメント・リミテッド,装飾部を外部時計エレメントに固定する方法およびこの方法により作製した外部エレメント,3,本権利は抹消されていない存続期間満了日(2032/07/20),10年,(2023/01/04)
page-5456233,特許2006-517566(2004/06/23),5456233,アメリカ合衆国(503399964)カレント　ライティング　ソリューションズ，エルエルシー,ＬＥＤチップによる白色光発生のためのフルスペクトル蛍光体混合物,9,本権利は抹消されていない存続期間満了日(2024/06/23),10年,(2023/01/04)
page-5456266,特許2008-063489(2008/03/13),5456266,アメリカ合衆国(390041542)ゼネラル・エレクトリック・カンパニイ,目的主導型の医用画像のデータ表現及び利用,10,本権利は抹消されていない存続期間満了日(2028/03/13),10年,(2023/01/04)
page-5456384,特許2009-148721(2009/06/23),5456384,アメリカ合衆国(596170170)ゼロックス　コーポレイション,ＭＩＣＲトナー用途のための磁気結晶異方性を有する強磁性ナノ粒子,1,本権利は抹消されていない存続期間満了日(2029/06/23),10年,(2023/01/04)
page-5456499,特許2010-019312(2010/01/29),5456499,アメリカ合衆国(300019238)ジーイー・メディカル・システムズ・グローバル・テクノロジー・カンパニー・エルエルシー,磁気共鳴イメージング装置,12,本権利は抹消されていない存続期間満了日(2030/01/29),10年,(2023/01/04)
page-5456748,特許2011-226626(2003/11/25),5456748,アメリカ合衆国インテグリス・インコーポレーテッド,直方体の流体貯蔵・計量分配容器,10,本権利は抹消されていない存続期間満了日(2023/11/25),10年,(2023/01/04)
page-5456760,特許2011-503252(2009/04/07),5456760,アメリカ合衆国(510264626)コンバテック・テクノロジーズ・インコーポレイテッド,排水可能なオストミーパウチ,11,本権利は抹消されていない存続期間満了日(2029/04/07),10年,(2023/01/04)
page-5456777,特許2011-517499(2009/07/06),5456777,アメリカ合衆国(591013469)ナショナル　セミコンダクタ　コーポレイション,ＭＥＭＳリレー,7,本権利は抹消されていない存続期間満了日(2029/07/06),10年,(2023/01/04)
page-5456940,特許2013-512565(2010/05/21),5456940,アメリカ合衆国(504199127)エヌエックスピー　ユーエスエイ　インコーポレイテッド,電力スイッチング装置および電流センス確度を向上させるための方法,6,本権利は抹消されていない存続期間満了日(2030/05/21),10年,(2023/01/04)
page-5457013,特許2008-294347(2008/11/18),5457013,アメリカ合衆国(300057230)セミコンダクター・コンポーネンツ・インダストリーズ・リミテッド・ライアビリティ・カンパニー,振動補償制御回路、及び撮像装置,6,本権利は抹消されていない存続期間満了日(2028/11/18),10年,(2023/01/04)
page-5457068,特許2009-106757(2009/04/24),5457068,イタリア国(505279927)マグネティ　マレッリ　ソチエタ　ペル　アツィオニ,車載の、運動エネルギーと電気エネルギーとの相互変換用多相同期電気機械、その組立方法、及び当該電気機械を搭載する車両,21,本権利は抹消されていない存続期間満了日(2029/04/24),10年,(2023/01/04)
page-5457161,特許2009-287479(2009/12/18),5457161,アメリカ合衆国(505212049)ジーエム・グローバル・テクノロジー・オペレーションズ・インコーポレーテッド,多優先作動空間インピーダンス制御,16,本権利は抹消されていない存続期間満了日(2029/12/18),10年,(2023/01/04)
page-5457178,特許2009-518608(2007/07/02),5457178,アメリカ合衆国(500562260)ブロンカス　テクノロジーズ，　インコーポレイテッド,気道バイパス部位選択および治療計画,25,本権利は抹消されていない存続期間満了日(2027/07/02),10年,(2023/01/04)
page-5457185,特許2009-531613(2007/10/04),5457185,デンマーク(509091848)ノボ　ノルディスク　エー／エス,グリセロール連結のＰＥＧ化された糖および糖ペプチド,4,本権利は抹消されていない存続期間満了日(2032/03/18),10年,(2023/01/04)
page-5457186,特許2009-532575(2007/10/11),5457186,アメリカ合衆国(505005049)スリーエム　イノベイティブ　プロパティズ　カンパニー,１－メチルヘプチル（メタ）アクリレート接着剤組成物,2,本権利は抹消されていない存続期間満了日(2027/10/11),10年,(2023/01/04)
page-5457195,特許2009-541707(2007/12/20),5457195,アメリカ合衆国シノプシス　インコーポレーテッド,二重機能データレジスタ,21,本権利は抹消されていない存続期間満了日(2027/12/20),10年,(2023/01/04)
page-5457373,特許2010-547816(2009/02/20),5457373,アメリカ合衆国(501289751)コヴィディエン　リミテッド　パートナーシップ,血流回復のための装置,18,本権利は抹消されていない存続期間満了日(2029/02/20),10年,(2023/01/04)
page-5457376,特許2010-549930(2009/03/06),5457376,アメリカ合衆国(503102571)キャメロン　ヘルス、　インコーポレイテッド,埋め込み型心臓刺激デバイスにおける的確な心臓事象検出,8,本権利は抹消されていない存続期間満了日(2029/03/06),10年,(2023/01/04)
page-5457428,特許2011-500142(2009/02/27),5457428,イギリス(513111123)エヌビディア・テクノロジー・ユーケー・リミテッド,ワイヤレス受信機におけるデジタルサンプルの処理,16,本権利は抹消されていない存続期間満了日(2029/02/27),10年,(2023/01/04)
page-5457437,特許2011-510985(2009/05/26),5457437,フランス(509081621)スネクマ,航空機ターボシャフトエンジンのためのプロペラブレードの設定を制御するための簡略化されたシステム,10,本権利は抹消されていない存続期間満了日(2029/05/26),10年,(2023/01/04)
page-5457456,特許2011-527037(2009/09/15),5457456,アメリカ合衆国(505003528)カーディアック　ペースメイカーズ，　インコーポレイテッド,デバイスパラメータの高度に安全な調節のためのシステムおよび方法,15,本権利は抹消されていない存続期間満了日(2029/09/15),10年,(2023/01/04)
page-5457457,特許2011-527981(2009/09/18),5457457,アメリカ合衆国(595117091)ベクトン・ディキンソン・アンド・カンパニー,注射用針を有する注射器具のための容器,6,本権利は抹消されていない存続期間満了日(2029/09/18),10年,(2023/01/04)
page-5457462,特許2011-539906(2008/12/15),5457462,スウェーデン(503261731)カルメル　ファルマ　アクチボラゲット,コネクタ装置,11,本権利は抹消されていない存続期間満了日(2028/12/15),10年,(2023/01/04)
page-5457532,特許2012-253387(2008/07/30),5457532,アメリカ合衆国(507236292)ドルビー　ラボラトリーズ　ライセンシング　コーポレイション,画像のダイナミックレンジの増大,16,本権利は抹消されていない存続期間満了日(2028/07/30),10年,(2023/01/04)
page-5457624,特許2006-500275(2004/01/08),5457624,キプロス(510339773)ホーファー　リサーチ　アイピー（ピーアールイー）リミテッド,プロアントシアニジンによる性的機能及び性器血管系の改善,6,本権利は抹消されていない存続期間満了日(2024/01/08),10年,(2023/01/04)
page-5457626,特許2007-241451(2007/09/18),5457626,アメリカ合衆国(390041542)ゼネラル・エレクトリック・カンパニイ,電力単独運転のための検出及び伝達の方法及びシステム,8,本権利は抹消されていない存続期間満了日(2027/09/18),10年,(2023/01/04)
page-5457629,特許2007-328458(2007/12/20),5457629,アメリカ合衆国(502096543)パロ・アルト・リサーチ・センター・インコーポレーテッド,マイクロバルブを用いて再設定可能な浮彫り表面を形成する印刷方法及び印刷プレート,2,本権利は抹消されていない存続期間満了日(2027/12/20),10年,(2023/01/04)
page-5457635,特許2008-009962(2008/01/21),5457635,アメリカ合衆国(390041542)ゼネラル・エレクトリック・カンパニイ,計算機式断層写真法検出器及びその製造方法,10,本権利は抹消されていない存続期間満了日(2028/01/21),10年,(2023/01/04)
page-5457639,特許2008-074829(2008/03/24),5457639,アメリカ合衆国(390041542)ゼネラル・エレクトリック・カンパニイ,半導体式の光電子増倍器及びシンチレータを用いたフォトン計数ＣＴ検出器,8,本権利は抹消されていない存続期間満了日(2028/03/24),10年,(2023/01/04)
page-5457642,特許2008-123270(2008/05/09),5457642,アメリカ合衆国(500431519)ザ　コカ・コーラ　カンパニー,飲料ディスペンサ,3,本権利は抹消されていない存続期間満了日(2028/05/09),10年,(2023/01/04)
page-5457670,特許2008-521542(2006/07/12),5457670,アメリカ合衆国(503399964)カレント　ライティング　ソリューションズ，エルエルシー アメリカ合衆国(308023136)ムラコヴィッチ　マシュー アメリカ合衆国(308023125)ブレンガートナー　ロナルド　ジュニア,ＬＥＤストリング照明エンジン,8,本権利は抹消されていない存続期間満了日(2026/07/12),10年,(2023/01/04)
page-5457702,特許2009-077938(2009/03/27),5457702,アメリカ合衆国(390041542)ゼネラル・エレクトリック・カンパニイ,酸化ビスマス及び酸化ビスマスから生成される粒子からなるシリコーンゴム組成物,9,本権利は抹消されていない存続期間満了日(2029/03/27),10年,(2023/01/04)
page-5457762,特許2009-199925(2009/08/31),5457762,アメリカ合衆国(300057230)セミコンダクター・コンポーネンツ・インダストリーズ・リミテッド・ライアビリティ・カンパニー,回路装置及びその製造方法,4,本権利は抹消されていない存続期間満了日(2029/08/31),10年,(2023/01/04)
page-5457788,特許2009-241944(2009/10/21),5457788,アメリカ合衆国(390041542)ゼネラル・エレクトリック・カンパニイ,改良型適応ビーム形成向けのクラッタフィルタ処理のためのシステム及び方法,11,本権利は抹消されていない存続期間満了日(2029/10/21),10年,(2023/01/04)
page-5457896,特許2010-065391(2010/03/23),5457896,アメリカ合衆国(390041542)ゼネラル・エレクトリック・カンパニイ,画像収集時に放射線線量使用の遠隔報告を行うシステムおよび方法,20,本権利は抹消されていない存続期間満了日(2030/03/23),10年,(2023/01/04)
page-5457927,特許2010-100028(2010/04/23),5457927,アメリカ合衆国(300057230)セミコンダクター・コンポーネンツ・インダストリーズ・リミテッド・ライアビリティ・カンパニー,発光素子の制御回路,5,本権利は抹消されていない存続期間満了日(2030/04/23),10年,(2023/01/04)
page-5457965,特許2010-165415(2010/07/23),5457965,アメリカ合衆国(390041542)ゼネラル・エレクトリック・カンパニイ,回転機械におけるクリアランス制御用のシステム及び方法,8,本権利は抹消されていない存続期間満了日(2030/07/23),10年,(2023/01/04)
page-5458067,特許2011-175735(2004/03/09),5458067,フランス国(508372630)オベルトゥル　テクノロジ,異なる電子エンティティ間の通信方法,19,本権利は抹消されていない存続期間満了日(2024/03/09),10年,(2023/01/04)
page-5458087,特許2011-500807(2009/03/19),5458087,アメリカ合衆国(500106743)エス．シー．　ジョンソン　アンド　サン、インコーポレイテッド,エアゾール散布器,9,本権利は抹消されていない存続期間満了日(2029/03/19),10年,(2023/01/04)
page-5458109,特許2011-542207(2009/12/01),5458109,アメリカ合衆国(505005049)スリーエム　イノベイティブ　プロパティズ　カンパニー,傾斜側壁を備える成形研磨粒子,3,本権利は抹消されていない存続期間満了日(2029/12/01),10年,(2023/01/04)
page-5458173,特許2012-517641(2010/06/22),5458173,アメリカ合衆国(500239188)ヴァリアン　セミコンダクター　イクイップメント　アソシエイツ　インコーポレイテッド,イオン源洗浄の終点検出,11,本権利は抹消されていない存続期間満了日(2030/06/22),10年,(2023/01/04)
page-5458686,特許2009-143559(2009/06/16),5458686,アメリカ合衆国テキサス　インスツルメンツ　インコーポレイテッド,降圧型コンバータ,13,本権利は抹消されていない存続期間満了日(2029/06/16),10年,(2023/01/04)
page-5459592,特許2009-187967(2009/08/14),5459592,アメリカ合衆国イー　インク　コーポレイション,電気光学装置とその駆動方法、及び電子機器,16,本権利は抹消されていない存続期間満了日(2029/08/14),10年,(2023/01/04)
page-5459684,特許2011-501011(2009/03/23),5459684,アメリカ合衆国インターナショナル・ペーパー・カンパニー,段ボールを製造するための装置,21,本権利は抹消されていない存続期間満了日(2029/03/23),10年,(2023/01/04)
page-5459807,特許2012-504697(2010/03/23),5459807,アメリカ合衆国(504199127)エヌエックスピー　ユーエスエイ　インコーポレイテッド,マルチプロセッサデータ処理システムにおけるデバッグシグナリング,5,本権利は抹消されていない存続期間満了日(2030/03/23),10年,(2023/01/04)
page-5459988,特許2008-166888(2008/06/26),5459988,フランス国(505277691)スネクマ,ツインファンターボ機械,13,本権利は抹消されていない存続期間満了日(2028/06/26),10年,(2023/01/04)
page-5460052,特許2008-521748(2006/07/19),5460052,オーストラリア(500046450)レスメド・プロプライエタリー・リミテッド,呼吸マスク及び呼吸マスクを製造する方法,19,本権利は抹消されていない存続期間満了日(2026/07/19),10年,(2023/01/04)
page-5460314,特許2009-515769(2007/06/21),5460314,ドイツ連邦共和国(509288013)ドナルドソン　フィルトレイション　ドイチュラント　ゲゼルシャフト　ミット　ベシュレンクテル　ハフツング,交換可能な挿入部を有するフィルタ,14,本権利は抹消されていない存続期間満了日(2027/06/21),10年,(2023/01/04)
page-5460337,特許2009-553265(2008/03/14),5460337,イタリア(509257396)セッティマ・メッカニカ・ソシエタ・ア・レスポンサビリタ・リミタータ,改良された歯車式油圧装置,9,本権利は抹消されていない存続期間満了日(2028/03/14),10年,(2023/01/04)
page-5460438,特許2010-094976(2010/04/16),5460438,イギリス(504394342)アーム・リミテッド,グラフィックス処理パイプライン内での画素値の生成および分解,15,本権利は抹消されていない存続期間満了日(2030/04/16),10年,(2023/01/04)
page-5460517,特許2010-177535(2004/07/13),5460517,アメリカ合衆国(505307471)インテグリス・インコーポレーテッド,回転可能ベース上に鋳造されるモノリシック多孔性パッドを作製する方法および材料,10,本権利は抹消されていない存続期間満了日(2024/07/13),10年,(2023/01/04)
page-5460586,特許2010-512334(2008/06/12),5460586,アメリカ合衆国ザ　ケマーズ　カンパニー　エフシー　リミテッド　ライアビリティ　カンパニー,Ｅ－１，１，１，４，４，４－ヘキサフルオロ－２－ブテンの共沸組成物および共沸様組成物,18,本権利は抹消されていない存続期間満了日(2028/06/12),10年,(2023/01/04)
page-5460698,特許2011-509713(2009/05/14),5460698,アメリカ合衆国(501113353)ノートンライフロック　インコーポレイテッド,安全なアプリケーションストリーミング,20,本権利は抹消されていない存続期間満了日(2029/05/14),10年,(2023/01/04)
page-5460819,特許2012-239178(2007/10/09),5460819,スイス国(311007051)シクパ　ホルディング　ソシエテ　アノニム,セキュリティマーキング認証装置,7,本権利は抹消されていない存続期間満了日(2027/10/09),10年,(2023/01/04)
page-5460847,特許2012-282710(2004/12/09),5460847,アメリカ合衆国(506110243)ノベリス・インコーポレイテッド,金属ビレットを水平鋳造及び切断する装置と方法,1,本権利は抹消されていない存続期間満了日(2024/12/09),10年,(2023/01/04)
page-5460947,特許2006-525378(2004/08/30),5460947,イギリス(397009934)グラクソ　グループ　リミテッド,新規調製方法、塩、組成物及び使用,6,本権利は抹消されていない存続期間満了日(2024/08/30),10年,(2023/01/04)
page-5461015,特許2008-545078(2006/12/12),5461015,ベルギー(305060279)グラクソスミスクライン　バイオロジカルズ　ソシエテ　アノニム,サポニンアジュバントを含むワクチン組成物,17,本権利は抹消されていない存続期間満了日(2026/12/12),10年,(2023/01/04)
page-5461036,特許2009-058596(2009/03/11),5461036,アメリカ合衆国(507362281)コヴィディエン　リミテッド　パートナーシップ,外科用ステープリングデバイスのためのラチェットメカニズム,18,本権利は抹消されていない存続期間満了日(2029/03/11),10年,(2023/01/04)
page-5461106,特許2009-194266(2009/08/25),5461106,アメリカ合衆国(300019238)ジーイー・メディカル・システムズ・グローバル・テクノロジー・カンパニー・エルエルシー,Ｘ線ＣＴ装置,11,本権利は抹消されていない存続期間満了日(2029/08/25),10年,(2023/01/04)
page-5461118,特許2009-203530(2009/09/03),5461118,アメリカ合衆国(596170170)ゼロックス　コーポレイション,ポリエステル合成,4,本権利は抹消されていない存続期間満了日(2029/09/03),10年,(2023/01/04)
page-5461191,特許2009-540874(2007/12/06),5461191,イギリス国(508296554)アトランティック・イナーシャル・システムズ・リミテッド,ジャイロスコープ又はその改善,15,本権利は抹消されていない存続期間満了日(2027/12/06),10年,(2023/01/04)
page-5461255,特許2010-060259(2010/03/17),5461255,アメリカ合衆国(300019238)ジーイー・メディカル・システムズ・グローバル・テクノロジー・カンパニー・エルエルシー,磁気共鳴イメージング装置,11,本権利は抹消されていない存続期間満了日(2030/03/17),10年,(2023/01/04)
page-5461415,特許2010-532200(2008/10/29),5461415,アメリカ合衆国(505005049)スリーエム　イノベイティブ　プロパティズ　カンパニー,歯科用組成物及び色安定アミン電子供与体を有する開始剤系,1,本権利は抹消されていない存続期間満了日(2028/10/29),10年,(2023/01/04)
page-5461426,特許2010-539456(2008/12/16),5461426,アメリカ合衆国(390040660)アプライド　マテリアルズ　インコーポレイテッド,マグネトロンスパッタリングターゲットのエロージョン特性の予測及び補正,22,本権利は抹消されていない存続期間満了日(2028/12/16),10年,(2023/01/04)
page-5461439,特許2010-548156(2009/02/27),5461439,フランス国(505277691)スネクマ,非軸対称プラットフォームを有するブレード,17,本権利は抹消されていない存続期間満了日(2029/02/27),10年,(2023/01/04)
page-5461443,特許2010-550249(2009/02/27),5461443,イギリス国(390028587)ブリティッシュ・テレコミュニケーションズ・パブリック・リミテッド・カンパニー,ビデオ符号化,14,本権利は抹消されていない存続期間満了日(2029/02/27),10年,(2023/01/04)
page-5461474,特許2011-115130(2005/05/12),5461474,ドイツ連邦共和国(599117152)フレゼニウス　メディカル　ケアー　ドイチュラント　ゲゼルシャフト　ミット　ベシュレンクテル　ハフツング,ローラポンプ,17,本権利は抹消されていない存続期間満了日(2025/05/12),10年,(2023/01/04)
page-5461522,特許2011-502909(2008/03/31),5461522,アメリカ合衆国(591020353)オーチス　エレベータ　カンパニー,エレベータかご割当制御戦略,14,本権利は抹消されていない存続期間満了日(2028/03/31),10年,(2023/01/04)
page-5461530,特許2011-510520(2009/02/26),5461530,アメリカ合衆国(503455363)レイセオン　カンパニー,高致死率で、低付帯的被害の前方発射型破砕弾頭,16,本権利は抹消されていない存続期間満了日(2029/02/26),10年,(2023/01/04)
page-5461559,特許2011-525667(2009/09/04),5461559,フランス国(593054206)フイブ・スタン,レイディアントチューブバーナ用熱回収装置,16,本権利は抹消されていない存続期間満了日(2029/09/04),10年,(2023/01/04)
page-5461623,特許2012-148051(2012/06/29),5461623,スウェーデン国(511034815)アクシス　アーベー,監視システムにおける監視データ処理,13,本権利は抹消されていない存続期間満了日(2032/06/29),10年,(2023/01/04)
page-5461691,特許2012-511317(2010/04/16),5461691,フランス国(505277691)スネクマ,ジェット騒音を低減するための側方フィンを備えたパターンを有するターボ機械ノズルカウル,9,本権利は抹消されていない存続期間満了日(2030/04/16),10年,(2023/01/04)
page-5461763,特許2006-501686(2004/01/30),5461763,スイス国(505290597)ヘルシン　ヘルスケア　ソシエテ　アノニム,パロノセトロン液状医薬製剤,10,本権利は抹消されていない存続期間満了日(2024/01/30),10年,(2023/01/04)
page-5461798,特許2008-183283(2008/07/15),5461798,アメリカ合衆国(390041542)ゼネラル・エレクトリック・カンパニイ,内部漏洩流を冷却に用いるタービンシステム及び方法,11,本権利は抹消されていない存続期間満了日(2028/07/15),10年,(2023/01/04)
page-5461828,特許2008-310568(2008/12/05),5461828,フランス国(505277691)スネクマ,半径方向間隙を改善するための装置を備えるターボ機械モジュール,16,本権利は抹消されていない存続期間満了日(2028/12/05),10年,(2023/01/04)
page-5461838,特許2008-546439(2006/12/20),5461838,ベルギー(305060279)グラクソスミスクライン　バイオロジカルズ　ソシエテ　アノニム,肺炎球菌多糖類コンジュゲートワクチン,122,本権利は抹消されていない存続期間満了日(2026/12/20),10年,(2023/01/04)
page-5461852,特許2009-051205(2009/03/04),5461852,アメリカ合衆国(504199127)エヌエックスピー　ユーエスエイ　インコーポレイテッド,自動調整発振器,6,本権利は抹消されていない存続期間満了日(2029/03/04),10年,(2023/01/04)
page-5461957,特許2009-250089(2009/10/30),5461957,オランダアクゾ　ノーベル　コーティングス　インターナショナル　ビー　ヴィ,耐傷付き性に優れた塗装鋼板の製造方法及び塗装鋼板,4,本権利は抹消されていない存続期間満了日(2029/10/30),10年,(2023/01/04)
page-5462149,特許2010-504188(2008/04/15),5462149,アメリカ合衆国(508168790)ビザ　ユー．エス．エー．インコーポレイテッド,ポータブル装置のための情報取得防止,25,本権利は抹消されていない存続期間満了日(2028/04/15),10年,(2023/01/04)
page-5462154,特許2010-510509(2008/05/30),5462154,アメリカ合衆国(391008847)ボシュ・アンド・ロム・インコーポレイテッド,回折型眼内レンズ,11,本権利は抹消されていない存続期間満了日(2028/05/30),10年,(2023/01/04)
page-5462160,特許2010-517037(2008/05/28),5462160,アメリカ合衆国(504199127)エヌエックスピー　ユーエスエイ　インコーポレイテッド,メモリの動的電圧調整,4,本権利は抹消されていない存続期間満了日(2028/05/28),10年,(2023/01/04)
page-5462161,特許2010-517237(2007/07/20),5462161,ベルギー(591060898)アイメック,ＩＩＩ－Ｖ族ＭＥＳＦＥＴでのダマシンコンタクト製造方法,10,本権利は抹消されていない存続期間満了日(2027/07/20),10年,(2023/01/04)
page-5462243,特許2011-504292(2009/04/16),5462243,ルクセンブルク国(510275334)エスエムエスセ　オルディング　ソシエテ　ア　レスポンサビリテ　リミテ,無線通信システムおよびチャンネル切換方法,23,本権利は抹消されていない存続期間満了日(2029/04/16),10年,(2023/01/04)
page-5462248,特許2011-513474(2008/10/31),5462248,アメリカ合衆国(595117091)ベクトン・ディキンソン・アンド・カンパニー,使用不可にする機構を有する注射器,51,本権利は抹消されていない存続期間満了日(2028/10/31),10年,(2023/01/04)
page-5462277,特許2011-541428(2008/12/15),5462277,スウェーデン(503261731)カルメル　ファルマ　アクチボラゲット,接続装置及び医療装置を接続装置に接続する方法,19,本権利は抹消されていない存続期間満了日(2028/12/15),10年,(2023/01/04)
page-5462291,特許2011-553948(2010/03/10),5462291,大韓民国(511220773)キャタピラー　プレシジョン　シールズ　コリア,シール製造用合金鋳鉄、シール、及びシールの製造方法,5,本権利は抹消されていない存続期間満了日(2030/03/10),10年,(2023/01/04)
page-5462344,特許2012-265162(2012/12/04),5462344,アメリカ合衆国(511095986)ジーエム・グローバル・テクノロジー・オペレーションズ・エルエルシー アメリカ合衆国(510149563)ザ・ユナイテッド・ステイツ・オブ・アメリカ・アズ・リプレゼンテッド・バイ・ジ・アドミニストレーター・オブ・ザ・ナショナル・エアロノーティクス・アンド・スペース・アドミニストレーション,人間の把持補助デバイスのソフト製品,10,本権利は抹消されていない存続期間満了日(2032/12/04),10年,(2023/01/04)
page-5462415,特許2013-523389(2011/09/12),5462415,アメリカ合衆国(501091589)メディヴァンス　インコーポレイテッド,医療用冷却パッド,24,年金不納による抹消存続期間満了日(2031/09/12)本権利消滅日(2017/01/24)移記されている,3年,(2018/06/28)
page-5462477,特許2008-316502(2008/12/12),5462477,フランス国(505277691)スネクマ,エアフォイルの断面を局部的に肥大させて鋳造されたターボ機械ブレード,14,本権利は抹消されていない存続期間満了日(2028/12/12),10年,(2023/01/04)
page-5462632,特許2009-545182(2008/01/11),5462632,フランス国(595040744)サントル・ナショナル・ドゥ・ラ・ルシェルシュ・シャンティフィク フランス国(500026533)アンスティテュ・キュリ,Ｄｂａｉｔおよびその単独使用,19,本権利は抹消されていない存続期間満了日(2028/01/11),10年,(2023/01/04)
page-5462724,特許2010-140514(2010/06/21),5462724,スイス(505236469)キャタピラー　エス　エー　アール　エル,建設機械のクイックカプラー回路,1,本権利は抹消されていない存続期間満了日(2030/06/21),10年,(2023/01/04)
page-5462784,特許2010-504895(2008/04/25),5462784,アメリカ合衆国(508150854)パーデュー、ファーマ、リミテッド、パートナーシップ 大阪府大阪市(000001926)塩野義製薬株式会社,ＴＲＰＶ１アンタゴニストとその使用,39,本権利は抹消されていない存続期間満了日(2028/04/25),10年,(2023/01/04)
page-5462947,特許2012-524115(2009/08/11),5462947,デンマーク国(500011045)ヴェーデクス・アクティーセルスカプ,補聴器用保管システム,22,本権利は抹消されていない存続期間満了日(2029/08/11),10年,(2023/01/04)
page-5462952,特許2012-541320(2009/12/09),5462952,デンマーク国(500011045)ヴェーデクス・アクティーセルスカプ,補聴器における信号処理方法，補聴器をフィッティングする方法および補聴器,20,本権利は抹消されていない存続期間満了日(2029/12/09),10年,(2023/01/04)
page-5463004,特許2007-515252(2005/05/23),5463004,アメリカ合衆国(506395769)アゾレス　コーポレーション,高速リソグラフィ装置および方法,100,本権利は抹消されていない存続期間満了日(2025/05/23),10年,(2023/01/04)
page-5463036,特許2008-546269(2006/12/21),5463036,ドイツ(502343861)アムゲン　リサーチ　（ミュンヘン）　ゲーエムベーハー,可溶性ＣＥＡに対する抵抗性を有する医薬抗体組成物,27,本権利は抹消されていない存続期間満了日(2026/12/21),10年,(2023/01/04)
page-5463137,特許2009-503151(2007/03/20),5463137,アメリカ合衆国(599058372)フェデラル－モーグル　コーポレイション,ファブリックスリーブおよびファブリックスリーブを構成する方法,8,本権利は抹消されていない存続期間満了日(2027/03/20),10年,(2023/01/04)
page-5463299,特許2010-537371(2008/11/28),5463299,シンガポールマキシオン　ソーラー　プライベート　リミテッド,細長い、交差指型のエミッタ領域およびベース領域をうら側に有する裏面電極型太陽電池ならびにその製造方法,8,本権利は抹消されていない存続期間満了日(2028/11/28),10年,(2023/01/04)
page-5463311,特許2011-048730(2011/03/07),5463311,スイス国(504341564)モントレー　ブレゲ・エス　アー,時打ち機構のためのシーケンス制御装置,17,本権利は抹消されていない存続期間満了日(2031/03/07),10年,(2023/01/04)
page-5463371,特許2012-028542(2012/02/13),5463371,スイス国(504341564)モントレー　ブレゲ・エス　アー,時計用歯車セットまたは打方機構用歯車セット向けの調速機,20,本権利は抹消されていない存続期間満了日(2032/02/13),10年,(2023/01/04)
page-5464264,特許2012-281726(2003/08/06),5464264,アメリカ合衆国イー　インク　コーポレイション,電気泳動表示装置および電子機器,7,本権利は抹消されていない存続期間満了日(2023/08/06),10年,(2023/01/04)
page-5464567,特許2007-550423(2006/01/04),5464567,アメリカ合衆国(599056437)スリーエム　イノベイティブ　プロパティズ　カンパニー,太陽光制御多層フィルム,3,本権利は抹消されていない存続期間満了日(2026/01/04),10年,(2023/01/04)
page-5464654,特許2009-525678(2007/07/27),5464654,英国領バーミューダ(500332814)ボストン　サイエンティフィック　リミテッド,変形可能な先端を備えた長尺状医療器具及びその製造方法,50,本権利は抹消されていない存続期間満了日(2027/07/27),10年,(2023/01/04)
page-5464715,特許2011-102453(2008/04/23),5464715,ドイツ国(504147933)ハーマン　ベッカー　オートモーティブ　システムズ　ゲーエムベーハー,音同調方法,26,本権利は抹消されていない存続期間満了日(2028/04/23),10年,(2023/01/04)
page-5464826,特許2008-190067(2007/04/05),5464826,アメリカ合衆国(300057230)セミコンダクター・コンポーネンツ・インダストリーズ・リミテッド・ライアビリティ・カンパニー,モータ制御回路,3,本権利は抹消されていない存続期間満了日(2027/04/05),10年,(2023/01/04)
page-5464850,特許2008-319711(2008/12/16),5464850,ベルギー(591060898)アイメック,改良されたキャリア移動度を有するマルチゲート半導体デバイスの製造方法,23,本権利は抹消されていない存続期間満了日(2028/12/16),10年,(2023/01/04)
page-5465171,特許2010-507444(2008/05/08),5465171,アメリカ合衆国(509307484)レクシスネクシス　ア　ディヴィジョン　オブ　リード　エルザヴィア　インコーポレイテッド,文書を解析するためのシステムおよび方法,13,本権利は抹消されていない存続期間満了日(2028/05/08),10年,(2023/01/04)
page-5465195,特許2011-016080(2011/01/28),5465195,アメリカ合衆国(501410126)ブランソン・ウルトラソニックス・コーポレーション,超音波接合方法,4,本権利は抹消されていない存続期間満了日(2031/01/28),10年,(2023/01/04)
page-5465219,特許2011-196879(2011/09/09),5465219,アメリカ合衆国(506010792)カール・ストーツ・イメージング・インコーポレイテッド,内視鏡ビデオシステム,10,本権利は抹消されていない存続期間満了日(2031/09/09),10年,(2023/01/04)
page-5465283,特許2012-156711(2007/10/17),5465283,アメリカ合衆国(507236292)ドルビー　ラボラトリーズ　ライセンシング　コーポレイション,オーディオダイナミクス処理に限定を加える階層制御経路,12,本権利は抹消されていない存続期間満了日(2027/10/17),10年,(2023/01/04)
page-5465355,特許2013-514217(2011/06/01),5465355,アメリカ合衆国(597115727)ローズマウント　インコーポレイテッド,サーモカップルの極性検知機能を備えたプロセス変数送信機,21,本権利は抹消されていない存続期間満了日(2031/06/01),10年,(2023/01/04)
page-5465531,特許2009-533454(2007/10/11),5465531,アメリカ合衆国(591018693)シー・アール・バード・インコーポレーテッド,排泄物処理システム,18,本権利は抹消されていない存続期間満了日(2027/10/11),10年,(2023/01/04)
page-5465648,特許2010-246452(2003/06/06),5465648,大阪府大阪市武田薬品工業株式会社,臓器及び組織の保存方法,10,本権利は抹消されていない存続期間満了日(2023/06/06),10年,(2023/01/04)
page-5465676,特許2010-538947(2008/12/19),5465676,ベルギーグラクソスミスクライン　バイオロジカルズ　ソシエテ　アノニム,連鎖球菌属を培養するための発酵プロセスおよび連鎖球菌属由来の莢膜多糖（ｃｐ）を得るための精製プロセス,15,本権利は抹消されていない存続期間満了日(2028/12/19),10年,(2023/01/04)
page-5465713,特許2011-501923(2009/03/19),5465713,アメリカ合衆国(506200326)ワイルド　フレーバーズ　インク．,安定した天然着色の方法、製品、およびその使用,21,本権利は抹消されていない存続期間満了日(2029/03/19),10年,(2023/01/04)
page-5465729,特許2011-539609(2009/11/30),5465729,シンガポールマキシオン　ソーラー　プライベート　リミテッド,太陽電池を製造する方法、及び太陽電池,13,本権利は抹消されていない存続期間満了日(2029/11/30),10年,(2023/01/04)
page-5465864,特許2008-284303(2008/11/05),5465864,イスラエル(504273782)アプライド　マテリアルズ　イスラエル　リミテッド,ウェーハの電圧コントラストを強める装置及び方法,15,本権利は抹消されていない存続期間満了日(2028/11/05),10年,(2023/01/04)
page-5465881,特許2008-548836(2006/12/27),5465881,アメリカ合衆国(508194021)サンパワー・コーポレイション，システムズ,支持体付き光起電（ＰＶ）モジュールアセンブリ,11,本権利は抹消されていない存続期間満了日(2026/12/27),10年,(2023/01/04)
page-5465893,特許2009-043503(2009/02/26),5465893,アメリカ合衆国(300019238)ジーイー・メディカル・システムズ・グローバル・テクノロジー・カンパニー・エルエルシー,超音波診断装置及びその制御プログラム,13,本権利は抹消されていない存続期間満了日(2029/02/26),10年,(2023/01/04)
page-5466008,特許2009-537249(2007/09/17),5466008,英国領バーミューダ(500332814)ボストン　サイエンティフィック　リミテッド,医療用バルーンの収縮,28,本権利は抹消されていない存続期間満了日(2027/09/17),10年,(2023/01/04)
page-5466109,特許2010-177093(2010/08/06),5466109,アメリカ合衆国(509093510)ザーリンク　セミコンダクタ　（ユー．エス．）　インコーポレーテッド,リング・トリップ・プリカーサを検出する方法および装置,22,本権利は抹消されていない存続期間満了日(2030/08/06),10年,(2023/01/04)
page-5466115,特許2010-197676(2010/09/03),5466115,スイス国(506425538)ザ・スウォッチ・グループ・リサーチ・アンド・ディベロップメント・リミテッド,２つの波長の光波によって脈拍を測定するための方法及び装置,12,本権利は抹消されていない存続期間満了日(2030/09/03),10年,(2023/01/04)
page-5466166,特許2010-536784(2009/11/05),5466166,東京都港区(000107387)日本ゴア合同会社,通気栓,10,本権利は抹消されていない存続期間満了日(2029/11/05),10年,(2023/01/04)
page-5466167,特許2010-537157(2008/12/10),5466167,アメリカ合衆国(500239188)ヴァリアン　セミコンダクター　イクイップメント　アソシエイツ　インコーポレイテッド,加速／減速システム内の電気的ストレス低減技術,22,本権利は抹消されていない存続期間満了日(2028/12/10),10年,(2023/01/04)
page-5466176,特許2010-542308(2009/01/06),5466176,アメリカ合衆国(506076640)ボーシュ　アンド　ローム　インコーポレイティド,パッケージ液,20,本権利は抹消されていない存続期間満了日(2029/01/06),10年,(2023/01/04)
page-5466244,特許2011-537972(2009/11/25),5466244,フランス国(505277691)スネクマ,航空タービンエンジン内のタービンディストリビュータのブレード用耐摩耗装置,14,本権利は抹消されていない存続期間満了日(2029/11/25),10年,(2023/01/04)
page-5466263,特許2012-105696(2008/12/22),5466263,大阪府大阪市武田薬品工業株式会社,タンパク質の逆圧濾過,20,本権利は抹消されていない存続期間満了日(2028/12/22),10年,(2023/01/04)
page-5466291,特許2012-502614(2010/03/29),5466291,フランス国(505277691)スネクマ,偏心した前方端を備えるタービンエンジン用回転入口カウル,6,本権利は抹消されていない存続期間満了日(2030/03/29),10年,(2023/01/04)
page-5466320,特許2013-078069(2006/09/28),5466320,アメリカ合衆国(508095153)ヴィザ　インターナショナル　サーヴィス　アソシエイション,非接触トランザクションを行うリーダー、カード、システム、方法、プログラム、および、コンピュータ可読媒体,23,本権利は抹消されていない存続期間満了日(2026/09/28),10年,(2023/01/04)
page-5466350,特許2006-509035(2004/03/03),5466350,スイス国(511044009)ブラッコ・スイス・ソシエテ・アノニム 大阪府大阪市武田薬品工業株式会社,ＨＧＦレセプター（ｃＭｅｔ）を特異的に結合するペプチドおよびその使用,5,本権利は抹消されていない存続期間満了日(2024/03/03),10年,(2023/01/04)
page-5466351,特許2006-541365(2004/11/18),5466351,ドイツ連邦共和国(510204998)アディダス　アーゲー,移動式生理学的モニタリングからのデータを処理する方法及びシステム,5,本権利は抹消されていない存続期間満了日(2024/11/18),10年,(2023/01/04)
page-5466397,特許2008-319543(2008/12/16),5466397,アメリカ合衆国(390041542)ゼネラル・エレクトリック・カンパニイ,内部通路に対する耐環境保護を有するタービンエンジン構成部品,8,本権利は抹消されていない存続期間満了日(2028/12/16),10年,(2023/01/04)
page-5466406,特許2008-551606(2007/01/24),5466406,カナダ国(597164909)イドロ－ケベック,低溶解速度の被覆金属酸化物粒子、その作製方法およびこれを電気化学系で用いる使用法,13,本権利は抹消されていない存続期間満了日(2027/01/24),10年,(2023/01/04)
page-5466426,特許2009-120801(2009/05/19),5466426,フランスジェエールテギャズ,流体パイプに流監視装置を挿入するツールセットおよびその設置方法,12,本権利は抹消されていない存続期間満了日(2029/05/19),10年,(2023/01/04)
page-5466700,特許2011-515570(2009/06/30),5466700,フランス(591034154)オランジュ,時間予測を実施する画像シーケンスの符号化方法及び装置と、対応する信号、データ記憶媒体、復号化方法及び装置、コンピュータプロダクト製品,10,本権利は抹消されていない存続期間満了日(2029/06/30),10年,(2023/01/04)
page-5466711,特許2011-540780(2009/12/02),5466711,アメリカ合衆国(390041542)ゼネラル・エレクトリック・カンパニイ,タービンの寿命のモデル化,20,本権利は抹消されていない存続期間満了日(2029/12/02),10年,(2023/01/04)
page-5466941,特許2009-513235(2007/05/29),5466941,アメリカ合衆国(500413696)ビーイー・エアロスペース・インコーポレーテッド,冷却ユニット及びその診断方法,14,本権利は抹消されていない存続期間満了日(2027/05/29),10年,(2023/01/04)
page-5467055,特許2010-545235(2009/01/30),5467055,アメリカ合衆国(506192652)ボストン　サイエンティフィック　サイムド，インコーポレイテッド,医療システム,29,本権利は抹消されていない存続期間満了日(2029/01/30),10年,(2023/01/04)
page-5467127,特許2012-144580(2007/03/23),5467127,アメリカ合衆国エンベクタ　コーポレイション,改良された糖尿病データ管理のためのシステムおよび方法、および使用法,33,本権利は抹消されていない存続期間満了日(2027/03/23),10年,(2023/01/04)
page-5467129,特許2012-154746(2005/08/11),5467129,アメリカ合衆国(500362604)アプライド・ジェネティクス・インコーポレーテッド・ダーマティクス,炎症改善のための生体模倣エボジアルテカルパ果実抽出物,3,本権利は抹消されていない存続期間満了日(2025/08/11),10年,(2023/01/04)
page-5467145,特許2012-503737(2010/04/02),5467145,アメリカ合衆国(500277629)ハウメット　エアロスペース　インコーポレイテッド,適合性スリーブを具えた締結具,11,本権利は抹消されていない存続期間満了日(2030/04/02),10年,(2023/01/04)
page-5467175,特許2013-505332(2011/04/05),5467175,デンマーク国(512267380)ハーマン　プロフェッショナル　デンマーク　エーピーエス,制御された中間拡散光群を利用した、背景光を利用するＬＥＤ照明器具,14,本権利は抹消されていない存続期間満了日(2031/04/05),10年,(2023/01/04)
page-5684390,特許2013-528174(2010/09/10),5684390,アメリカ合衆国エアロジェット　ロケットダイン　インコーポレイテッド,ポンプ部材設計,1,本権利は抹消されていない存続期間満了日(2030/09/10),9年,(2022/12/28)
page-5684491,特許2010-101977(2010/04/27),5684491,アメリカ合衆国(300057230)セミコンダクター・コンポーネンツ・インダストリーズ・リミテッド・ライアビリティ・カンパニー,半導体装置及びその製造方法,6,本権利は抹消されていない存続期間満了日(2030/04/27),9年,(2022/12/28)
page-5684563,特許2010-502344(2008/04/07),5684563,アメリカ合衆国(595117091)ベクトン・ディキンソン・アンド・カンパニー,カルバペネマーゼ遺伝子の同定のための組成物および方法,10,本権利は抹消されていない存続期間満了日(2028/04/07),9年,(2022/12/28)
page-5684569,特許2010-528127(2008/10/02),5684569,アメリカ合衆国(505005049)スリーエム　イノベイティブ　プロパティズ　カンパニー,微生物濃縮プロセス,5,本権利は抹消されていない存続期間満了日(2028/10/02),9年,(2022/12/28)
page-5684663,特許2011-152206(2011/07/08),5684663,アメリカ合衆国(596170170)ゼロックス　コーポレイション,振動流式連続反応器を用いてトナーを製造するための連続プロセス,7,本権利は抹消されていない存続期間満了日(2031/07/08),9年,(2022/12/28)
page-5684699,特許2011-283907(2011/12/26),5684699,イタリア(511224209)フィアット・パワートレイン・テクノロジーズ・ソシエタ・ペル・アチオニ,互いに重なり離れて配置されたマニホールド部に合流する排気管の一体化された排気マニホールド及びサブグループを有する内燃機関用シリンダヘッド,1,本権利は抹消されていない存続期間満了日(2031/12/26),9年,(2022/12/28)
page-5684719,特許2011-539512(2009/12/04),5684719,大阪府大阪市武田薬品工業株式会社,ＰＬＫ阻害剤としての５，７－ジヒドロ－６Ｈ－ピリミド［５、－４Ｄ］［１］ベンゾアゼピン－６－チオン,35,本権利は抹消されていない存続期間満了日(2029/12/04),9年,(2022/12/28)
page-5684791,特許2012-506154(2010/04/14),5684791,アメリカ合衆国(505005049)スリーエム　イノベイティブ　プロパティズ　カンパニー,光学フィルム,3,本権利は抹消されていない存続期間満了日(2030/04/14),9年,(2022/12/28)
page-5684793,特許2012-507216(2010/04/21),5684793,アメリカ合衆国ダブリュ．エル．ゴア　アンド　アソシエイツ，インコーポレイティド,防沫性の音響的抵抗性カバー集成体,16,本権利は抹消されていない存続期間満了日(2030/04/21),9年,(2022/12/28)
page-5684825,特許2012-540098(2010/11/19),5684825,アメリカ合衆国(595038051)メドトロニック　ミニメド　インコーポレイテッド,分析物センサシステム,9,本権利は抹消されていない存続期間満了日(2030/11/19),9年,(2022/12/28)
page-5684832,特許2012-555483(2011/03/03),5684832,イギリス国(506352278)クローダ　インターナショナル　パブリック　リミティド　カンパニー,摩擦低減添加剤,14,本権利は抹消されていない存続期間満了日(2031/03/03),9年,(2022/12/28)
page-5684892,特許2013-501283(2011/03/07),5684892,アメリカ合衆国(503455363)レイセオン　カンパニー,デジタル／アナログ変換器（ＤＡＣ）,10,本権利は抹消されていない存続期間満了日(2031/03/07),9年,(2022/12/28)
page-5684893,特許2013-501382(2011/03/22),5684893,アメリカ合衆国(594197872)イーライ　リリー　アンド　カンパニー,神経性疾患の検出のためのイメージング剤,11,本権利は抹消されていない存続期間満了日(2031/03/22),9年,(2022/12/28)
page-5684902,特許2013-511496(2010/05/25),5684902,中華人民共和国(512305660)エマーソン　プロセス　マネージメント　（ティアンジン）　ヴァルブ　カンパニー，　リミテッド,密封表面からの汚染物質を受け止める空洞を有するバルブトリム装置,11,本権利は抹消されていない存続期間満了日(2030/05/25),9年,(2022/12/28)
page-5684913,特許2013-526486(2011/09/02),5684913,ドイツ連邦共和国(391018178)ダブリュ．エル．ゴア　アンド　アソシエーツ，ゲゼルシャフト　ミット　ベシュレンクテル　ハフツング スウェーデン国(513051737)ダブリュ．エル．ゴア　アンド　アソシエーツ　スカンジナビア　アクティエボラーグ デンマーク国(502004995)エッコ　スコ　アクティーゼルスカブ,履物の上側組立体及びこれを持つ履物,15,本権利は抹消されていない存続期間満了日(2031/09/02),9年,(2022/12/28)
page-5684917,特許2013-538876(2011/11/10),5684917,アメリカ合衆国(507236292)ドルビー　ラボラトリーズ　ライセンシング　コーポレイション,ダウンミックス制限,23,本権利は抹消されていない存続期間満了日(2031/11/10),9年,(2022/12/28)
page-5684923,特許2013-545540(2011/12/06),5684923,アメリカ合衆国バイオジェン・エムエイ・インコーポレイテッド,カゼインキナーゼ阻害剤としての新規縮合ピリジン化合物,13,本権利は抹消されていない存続期間満了日(2031/12/06),9年,(2022/12/28)
page-5684988,特許2010-016870(2010/01/28),5684988,アメリカ合衆国(390040660)アプライド　マテリアルズ　インコーポレイテッド,半導体製造装置用センサシステム,15,本権利は抹消されていない存続期間満了日(2030/01/28),9年,(2022/12/28)
page-5685083,特許2010-524097(2008/08/27),5685083,アメリカ合衆国(391026058)ザ　コカ・コーラ　カンパニー,選択可能な飲料を提供する方法および装置,39,本権利は抹消されていない存続期間満了日(2028/08/27),9年,(2022/12/28)
page-5685156,特許2011-153221(2004/08/30),5685156,イギリス(397009934)グラクソ　グループ　リミテッド,新規調製方法、塩、組成物及び使用,9,本権利は抹消されていない存続期間満了日(2024/08/30),9年,(2022/12/28)
page-5685183,特許2011-506449(2009/04/23),5685183,アメリカ合衆国(591007804)メドトロニック，インコーポレイテッド,ステント付き心臓弁装置,17,本権利は抹消されていない存続期間満了日(2029/04/23),9年,(2022/12/28)
page-5685185,特許2011-513488(2009/06/08),5685185,アメリカ合衆国(500106743)エス．シー．　ジョンソン　アンド　サン、インコーポレイテッド,動作検知回路を備える装置,17,本権利は抹消されていない存続期間満了日(2029/06/08),9年,(2022/12/28)
page-5685196,特許2011-540136(2009/12/14),5685196,イギリスグラクソスミスクライン　コンシューマー　ヘルスケア（ユーケー）アイピー　リミテッド,歯ブラシ,10,本権利は抹消されていない存続期間満了日(2029/12/14),9年,(2022/12/28)
page-5685253,特許2012-523059(2010/07/29),5685253,アメリカ合衆国(591018693)シー・アール・バード・インコーポレーテッド,管状フィルター,19,本権利は抹消されていない存続期間満了日(2030/07/29),9年,(2022/12/28)
page-5685255,特許2012-529331(2010/09/17),5685255,フランス国(505277691)スネクマ,ホール効果プラズマスラスタ,17,本権利は抹消されていない存続期間満了日(2030/09/17),9年,(2022/12/28)
page-5685256,特許2012-529979(2010/09/21),5685256,アメリカ合衆国(591007804)メドトロニック，インコーポレイテッド,ステント付き経カテーテル補綴心臓弁搬送システムおよび方法,14,本権利は抹消されていない存続期間満了日(2030/09/21),9年,(2022/12/28)
page-5685318,特許2013-534989(2011/10/18),5685318,アメリカ合衆国(503455363)レイセオン　カンパニー,電子デバイスをパッケージングするためのシステムおよび方法,6,本権利は抹消されていない存続期間満了日(2031/10/18),9年,(2022/12/28)
page-5685358,特許2008-044025(2008/02/26),5685358,フランス国(505277691)スネクマ,ターボ機械におけるブレード付きホイールの振動レベルを低減するための方法,7,本権利は抹消されていない存続期間満了日(2028/02/26),9年,(2022/12/28)
page-5685375,特許2009-535807(2007/11/09),5685375,英国(508098372)ゼニア・テクノロジー・リミテッド,インクジェットプリンティング,18,本権利は抹消されていない存続期間満了日(2027/11/09),9年,(2022/12/28)
page-5685383,特許2010-073993(2010/03/29),5685383,アメリカ合衆国(508177046)ジーイー－ヒタチ・ニュークリア・エナジー・アメリカズ・エルエルシー,蒸気乾燥器の羽根構成,3,本権利は抹消されていない存続期間満了日(2030/03/29),9年,(2022/12/28)
page-5685394,特許2010-129513(2010/06/07),5685394,アメリカ合衆国(508177046)ジーイー－ヒタチ・ニュークリア・エナジー・アメリカズ・エルエルシー,ジェットポンプ用ライザブレースクランプ,9,本権利は抹消されていない存続期間満了日(2030/06/07),9年,(2022/12/28)
page-5685402,特許2010-186777(2010/08/24),5685402,アメリカ合衆国(390041542)ゼネラル・エレクトリック・カンパニイ,圧縮機用装置及び工具,6,本権利は抹消されていない存続期間満了日(2030/08/24),9年,(2022/12/28)
page-5685426,特許2010-268224(2010/12/01),5685426,アメリカ合衆国(508177046)ジーイー－ヒタチ・ニュークリア・エナジー・アメリカズ・エルエルシー,苛酷な環境用の緊急時流体供給源,18,本権利は抹消されていない存続期間満了日(2030/12/01),9年,(2022/12/28)
page-5685520,特許2011-285362(2011/12/27),5685520,アメリカ合衆国(508177046)ジーイー－ヒタチ・ニュークリア・エナジー・アメリカズ・エルエルシー,ジェットポンプ三点滑り継手クランプ用の方法および装置,9,本権利は抹消されていない存続期間満了日(2031/12/27),9年,(2022/12/28)
page-5685526,特許2011-507206(2010/03/30),5685526,大阪府大阪市(000002934)武田薬品工業株式会社,ヌクレオシドの製造方法,21,本権利は抹消されていない存続期間満了日(2030/03/30),9年,(2022/12/28)
page-5685559,特許2012-108070(2012/05/10),5685559,アメリカ合衆国(508177046)ジーイー－ヒタチ・ニュークリア・エナジー・アメリカズ・エルエルシー,ＢＷＲジェットポンプインレットミキサのコンプライアントストッパのための方法および装置,9,本権利は抹消されていない存続期間満了日(2032/05/10),9年,(2022/12/28)
page-5685560,特許2012-144585(2006/02/24),5685560,アメリカ合衆国(310019970)メドトロニック，インコーポレイテッド,ツーピース心臓弁を移植するために適合化されたプロテーゼ,9,本権利は抹消されていない存続期間満了日(2026/02/24),9年,(2022/12/28)
page-5686423,特許2013-253486(2009/08/12),5686423,アメリカ合衆国インテグリス・インコーポレーテッド,半導体プロセスシステムにおけるイオンソース（イオン源）のクリーニングおよびイオンインプランテーションシステム,21,本権利は抹消されていない存続期間満了日(2029/08/12),9年,(2022/12/28)
page-5686513,特許2009-276263(2009/12/04),5686513,アメリカ合衆国(596170170)ゼロックス　コーポレイション,薄膜トランジスタ中のチャネル形成方法,8,本権利は抹消されていない存続期間満了日(2029/12/04),9年,(2022/12/28)
page-5686682,特許2011-149237(2011/07/05),5686682,アメリカ合衆国(596170170)ゼロックス　コーポレイション,トナー粒子を製造するプロセス,9,本権利は抹消されていない存続期間満了日(2031/07/05),9年,(2022/12/28)
page-5686743,特許2011-542776(2009/12/16),5686743,フランス国(505277691)スネクマ,最適化された空洞部を備える圧縮機ケーシング,12,本権利は抹消されていない存続期間満了日(2029/12/16),9年,(2022/12/28)
page-5686755,特許2012-048279(2006/07/06),5686755,アメリカ合衆国(503125112)コノコフィリップス　カンパニー,液体復元及び生成の汎用性を拡張する統合ＮＧＬを有するＬＮＧ設備,33,本権利は抹消されていない存続期間満了日(2026/07/06),9年,(2022/12/28)
page-5686769,特許2012-157846(2012/07/13),5686769,アメリカ合衆国ジーイー・ハイブリッド・テクノロジーズ・エルエルシー,無線電力送信装置用コアアセンブリ及びそれを備える無線電力送信装置,11,本権利は抹消されていない存続期間満了日(2032/07/13),9年,(2022/12/28)
page-5686809,特許2012-526099(2010/08/20),5686809,フランス国(505277691)スネクマ,空気注入器を有するタービンエンジン圧縮機,7,本権利は抹消されていない存続期間満了日(2030/08/20),9年,(2022/12/28)
page-5686822,特許2012-552867(2010/12/21),5686822,アメリカ合衆国(507107291)テキサス　インスツルメンツ　インコーポレイテッド,１００ＢＡＳＥ－Ｔイーサネットのためのフォールトトレラントモード,8,本権利は抹消されていない存続期間満了日(2030/12/21),9年,(2022/12/28)
page-5686841,特許2013-094318(2007/10/29),5686841,ドイツ連邦共和国(597075904)フレゼニウス　メディカル　ケア　ドイッチェランド　ゲゼルシャフト　ミット　ベシュレンクテル　ハフツング,損傷しまたは傷害を受けた組織または臓器の内皮／上皮再生用医薬の製造のための、幹細胞由来微小胞（ＭＶ）の使用ならびにインビトロおよびインビボでの関連した方法,7,本権利は抹消されていない存続期間満了日(2027/10/29),9年,(2022/12/28)
page-5686885,特許2013-500039(2010/12/23),5686885,アメリカ合衆国(507107291)テキサス　インスツルメンツ　インコーポレイテッド,アナログ及びデジタルフィードバック制御を備えた位相ロック・ループ（ＰＬＬ）,20,本権利は抹消されていない存続期間満了日(2030/12/23),9年,(2022/12/28)
page-5686897,特許2013-521748(2010/07/29),5686897,アメリカ合衆国(595117091)ベクトン・ディキンソン・アンド・カンパニー,皮膚センサを備えた受動遮蔽針アセンブリ,19,本権利は抹消されていない存続期間満了日(2030/07/29),9年,(2022/12/28)
page-5686944,特許2008-259903(2008/10/06),5686944,アメリカ合衆国(390040660)アプライド　マテリアルズ　インコーポレイテッド,アモルファスカーボン層の高温堆積のための方法,5,本権利は抹消されていない存続期間満了日(2028/10/06),9年,(2022/12/28)
page-5686950,特許2008-316856(2008/12/12),5686950,アメリカ合衆国(390041542)ゼネラル・エレクトリック・カンパニイ,耐濡れ性材料及びその物品,17,本権利は抹消されていない存続期間満了日(2028/12/12),9年,(2022/12/28)
page-5686953,特許2008-534920(2006/10/10),5686953,ドイツ(500522714)アムゲン　リサーチ　（ミュンヘン）　ゲーエムベーハー,交差種特異的（ｃｒｏｓｓ－ｓｐｅｃｉｅｓ－ｓｐｅｃｉｆｉｃ）抗体を含む組成物および該組成物の使用,41,本権利は抹消されていない存続期間満了日(2026/10/10),9年,(2022/12/28)
page-5686983,特許2010-077227(2010/03/30),5686983,アメリカ合衆国(300019238)ジーイー・メディカル・システムズ・グローバル・テクノロジー・カンパニー・エルエルシー,信号処理装置および磁気共鳴イメージング装置,12,本権利は抹消されていない存続期間満了日(2030/03/30),9年,(2022/12/28)
page-5687069,特許2010-543278(2009/01/16),5687069,アメリカ合衆国(506136483)バイオマリン　ファーマシューティカル　インコーポレイテッド,高度にリン酸化された活性なヒトリソソームスルファターゼ酵素の製造およびそれの使用,25,本権利は抹消されていない存続期間満了日(2029/01/16),9年,(2022/12/28)
page-5687070,特許2010-544345(2009/01/23),5687070,アメリカ合衆国(591007804)メドトロニック，インコーポレイテッド,人工心臓弁用のステント,4,本権利は抹消されていない存続期間満了日(2029/01/23),9年,(2022/12/28)
page-5687185,特許2011-504516(2009/04/17),5687185,アイルランドフラメル　アイルランド　リミテッド,多粒子系を含む二段階の放出プロフィールを有する固形経口剤,18,本権利は抹消されていない存続期間満了日(2029/04/17),9年,(2022/12/28)
page-5687211,特許2011-551116(2010/02/08),5687211,アメリカ合衆国(511200797)メドトロニック，インコーポレイテッド,心臓切開血静脈血貯血槽および方法,19,本権利は抹消されていない存続期間満了日(2030/02/08),9年,(2022/12/28)
page-5687249,特許2012-155648(2003/04/18),5687249,アメリカ合衆国(390040660)アプライド　マテリアルズ　インコーポレイテッド,走査による熱束処理,9,本権利は抹消されていない存続期間満了日(2023/04/18),9年,(2022/12/28)
page-5687269,特許2012-511046(2010/05/14),5687269,アメリカ合衆国(511275979)コレクシス・ホールディングス・インコーポレーテッド,知識発見のための方法およびシステム,12,本権利は抹消されていない存続期間満了日(2030/05/14),9年,(2022/12/28)
page-5687293,特許2013-001273(2006/08/29),5687293,大阪府大阪市(000002934)武田薬品工業株式会社,酸分泌抑制薬,15,本権利は抹消されていない存続期間満了日(2026/08/29),9年,(2022/12/28)
page-5687405,特許2007-550844(2006/01/13),5687405,イタリア国(507238285)ノバルティス　ヴァクシンズ　アンド　ダイアグノスティクス　エスアールエル,髄膜炎菌結合体ワクチン接種,34,本権利は抹消されていない存続期間満了日(2026/01/13),9年,(2022/12/28)
page-5687637,特許2012-001342(2006/05/10),5687637,スイス国(507372121)アイトヘネーシシェ　テフニーシェ　ホフシューレ　チューリッヒ,原核細胞由来の組み換えＮ－グリコシル化タンパク質,23,本権利は抹消されていない存続期間満了日(2026/05/10),9年,(2022/12/28)
page-5687668,特許2012-186635(2006/03/21),5687668,アメリカ合衆国(501229528)テキサス　インスツルメンツ　インコーポレイテッド,最適化されたＪＴＡＧインターフェイス,2,本権利は抹消されていない存続期間満了日(2026/03/21),9年,(2022/12/28)
page-5687685,特許2012-503735(2010/04/02),5687685,大韓民国(511239258)ドンウー　ファイン－ケム　カンパニー　リミテッド アメリカ合衆国ザ　ケマーズ　カンパニー　エフシー　リミテッド　ライアビリティ　カンパニー,エッチャント組成物および方法,2,本権利は抹消されていない存続期間満了日(2030/04/02),9年,(2022/12/28)
page-5687703,特許2012-532133(2010/09/21),5687703,アメリカ合衆国(509113977)ストラタシス，インコーポレイテッド,押し出し式デジタル製造システムにて使用する局所的表面パターンを有する消耗材料,15,本権利は抹消されていない存続期間満了日(2030/09/21),9年,(2022/12/28)
page-5687733,特許2013-141342(2006/03/07),5687733,イギリス国デブ　アイピー　リミテッド,シリコーン・ベースの界面活性剤を含むアルコール含有量の高い発泡性組成物,36,本権利は抹消されていない存続期間満了日(2026/03/07),9年,(2022/12/28)
page-5687756,特許2013-260872(2013/12/18),5687756,スイス国(591048416)ウーテーアー・エス・アー・マニファクチュール・オロロジェール・スイス,時計の香箱,9,本権利は抹消されていない存続期間満了日(2033/12/18),9年,(2022/12/28)
page-5687775,特許2013-552503(2011/02/02),5687775,アメリカ合衆国(595117091)ベクトン・ディキンソン・アンド・カンパニー,フラッシュバック血液採集ニードル,37,本権利は抹消されていない存続期間満了日(2031/02/02),9年,(2022/12/28)
page-5687898,特許2010-502546(2008/04/09),5687898,フランス国(509278690)アルセロールミタル・ガンドランジユ,高い特性を有する機械部品の冷間形成用の良好な水素耐性を備えたマイクロ合金化鋼,13,本権利は抹消されていない存続期間満了日(2028/04/09),9年,(2022/12/28)
page-5687905,特許2010-547273(2009/02/02),5687905,フランス(597136216)ベクトン・ディキンソン・フランス・エス．エー．エス．,特に、医療用途のための噴霧器,14,本権利は抹消されていない存続期間満了日(2029/02/02),9年,(2022/12/28)
page-5688017,特許2011-520556(2009/07/31),5688017,フランス国(511027965)エコール　ポリーテクニーク,短レーザーパルス発生装置,14,本権利は抹消されていない存続期間満了日(2029/07/31),9年,(2022/12/28)
page-5688024,特許2011-532087(2009/10/15),5688024,アメリカ合衆国(508296440)ニューヴェイジヴ，インコーポレイテッド,神経生理学的監視システム,14,本権利は抹消されていない存続期間満了日(2029/10/15),9年,(2022/12/28)
page-5688027,特許2011-537557(2009/11/18),5688027,アメリカ合衆国(594197872)イーライ　リリー　アンド　カンパニー,ｃ－Ｍｅｔ抗体,11,本権利は抹消されていない存続期間満了日(2029/11/18),9年,(2022/12/28)
page-5688028,特許2011-541274(2009/11/24),5688028,フランス(309014746)ジェムアルト　エスアー,トークンにより支援を受けた又は今後支援を受けるアプリケーションに関する１つの操作を管理する方法及びトークン,9,本権利は抹消されていない存続期間満了日(2029/11/24),9年,(2022/12/28)
page-5688030,特許2011-542729(2009/12/29),5688030,オランダ(506427990)ドルビー・インターナショナル・アクチボラゲット,三次元音場の符号化および最適な再現の方法および装置,17,本権利は抹消されていない存続期間満了日(2029/12/29),9年,(2022/12/28)
page-5688046,特許2012-112594(2005/12/01),5688046,アメリカ合衆国(505403186)ケアフュージョン　３０３、インコーポレイテッド,逐次的弁タイミングを有する弁付き雄型ルアー・コネクタ,6,本権利は抹消されていない存続期間満了日(2025/12/01),9年,(2022/12/28)
page-5688145,特許2013-524855(2011/07/21),5688145,アメリカ合衆国(591069732)マクダーミッド　インコーポレーテッド アメリカ合衆国(513037948)ケムテック　システムズ　インコーポレーテッド,ニッケルのｐＨを調整する方法及び装置,21,本権利は抹消されていない存続期間満了日(2031/07/21),9年,(2022/12/28)
page-5688156,特許2013-534884(2010/10/22),5688156,アメリカ合衆国(511076424)ヒューレット－パッカード　デベロップメント　カンパニー　エル．ピー．,流体カートリッジ,16,本権利は抹消されていない存続期間満了日(2030/10/22),9年,(2022/12/28)
page-5688160,特許2013-538892(2011/11/10),5688160,アメリカ合衆国(512269650)コヴィディエン　リミテッド　パートナーシップ,撮像を伴う可撓性減量カテーテル、および、その使用および製造方法,9,本権利は抹消されていない存続期間満了日(2031/11/10),9年,(2022/12/28)
page-5688161,特許2013-539845(2011/10/04),5688161,アメリカ合衆国(502304286)マクダーミッド　アキューメン　インコーポレーテッド,クロム電極からのクロムの電解溶解,27,本権利は抹消されていない存続期間満了日(2031/10/04),9年,(2022/12/28)
page-5688251,特許2010-194549(2010/08/31),5688251,アメリカ合衆国(300057230)セミコンダクター・コンポーネンツ・インダストリーズ・リミテッド・ライアビリティ・カンパニー,モータ制御用半導体装置,3,本権利は抹消されていない存続期間満了日(2030/08/31),9年,(2022/12/28)
page-5688408,特許2012-507284(2010/04/19),5688408,アメリカ合衆国(505005049)スリーエム　イノベイティブ　プロパティズ　カンパニー,歯科物質のための分注装置,3,本権利は抹消されていない存続期間満了日(2030/04/19),9年,(2022/12/28)
page-5688450,特許2013-510060(2010/05/13),5688450,アメリカ合衆国(591020353)オーチス　エレベータ　カンパニー,張力部材の間に所望の離間距離を有する織物の製造方法,18,本権利は抹消されていない存続期間満了日(2030/05/13),9年,(2022/12/28)
page-5688453,特許2013-516658(2011/06/20),5688453,アメリカ合衆国(390040660)アプライド　マテリアルズ　インコーポレイテッド,フェムト秒レーザ及びプラズマエッチングを用いたウェハダイシング,13,本権利は抹消されていない存続期間満了日(2031/06/20),9年,(2022/12/28)
page-5688458,特許2013-522260(2011/08/04),5688458,フランス(309014746)ジェムアルト　エスアー,セキュリティ部品及び携帯通信装置において複数の加入者プロファイルを安全に使用するシステムと方法,11,本権利は抹消されていない存続期間満了日(2031/08/04),9年,(2022/12/28)
page-5688476,特許2013-557110(2012/03/09),5688476,イタリア国(513206186)ダニエリ　アンド　チー．　オッフィチーネ　メッカーニケ　ソチエタ　ペル　アツィオーニ,連続マルチスタンド圧延機で管を圧延するためのプロセス,11,本権利は抹消されていない存続期間満了日(2032/03/09),9年,(2022/12/28)
